"IDX";"FNAME";"HOBJ";"PROB";"X";"Y";"W";"H";"OBJ";"OPROB";"OX";"OY";"OW";"OH";"ONAME";"OID";"BOID"
"1";"O:\PE.1x1\PE-1x1-E14\e621.net - 3528776 - cult_of_the_lamb ~ lamb_(cult_of_the_lamb) (milkteafox) [PNG].jpg";"hcat";"0,44";"213";"0";"749";"437";"suppr";"0";"0";"0";"0";"0";"A:\BC\XXX\e621.net-3528776#.jpg";"H111";"none"
"2";"O:\PE.1x1\PE-1x1-E14\e621.net - 3528776 - cult_of_the_lamb ~ lamb_(cult_of_the_lamb) (milkteafox) [PNG].jpg";"HCAT";"0,64";"0";"0";"968";"447";"BUST";"0,53";"95";"421";"846";"499";"A:\BC\XXX\e621.net-3528776#.jpg";"H178";"B522"
"3";"O:\PE.1x1\PE-1x1-E14\e621.net - 3528776 - cult_of_the_lamb ~ lamb_(cult_of_the_lamb) (milkteafox) [PNG].jpg";"pzu";"0,63";"0";"421";"542";"511";"none";"0";"0";"0";"0";"0";"A:\BC\XXX\e621.net-3528776#.jpg";"P687";"none"
"4";"O:\PE.2x3\PE-2x3-E01\gelbooru.com - 3528987 - blazblue ~ platinum_the_trinity (toraishi_666) [ PNG] (toraishi_666).jpg";"hcat";"0,95";"63";"0";"386";"324";"bust";"0,9";"242";"322";"211";"159";"A:\BC\XXX\gelbooru.com-3528987#.jpg";"H762";"B317"
"5";"O:\PE.2x3\PE-2x3-E01\gelbooru.com - 3528987 - blazblue ~ platinum_the_trinity (toraishi_666) [ PNG] (toraishi_666).jpg";"HCAT";"0,94";"68";"0";"381";"322";"SUPPR";"0";"0";"0";"0";"0";"A:\BC\XXX\gelbooru.com-3528987#.jpg";"H931";"none"
"6";"O:\PE.2x3\PE-2x3-E01\gelbooru.com - 3528987 - blazblue ~ platinum_the_trinity (toraishi_666) [ PNG] (toraishi_666).jpg";"bust";"0,9";"242";"322";"211";"159";"belly";"0,91";"216";"616";"339";"297";"A:\BC\XXX\gelbooru.com-3528987#.jpg";"B317";"S822"
"7";"O:\PE.2x3\PE-2x3-E01\gelbooru.com - 3528987 - blazblue ~ platinum_the_trinity (toraishi_666) [ PNG] (toraishi_666).jpg";"BUST";"0,89";"241";"323";"211";"161";"SUPPR";"0";"0";"0";"0";"0";"A:\BC\XXX\gelbooru.com-3528987#.jpg";"B828";"none"
"8";"O:\PE.2x3\PE-2x3-E01\gelbooru.com - 3528987 - blazblue ~ platinum_the_trinity (toraishi_666) [ PNG] (toraishi_666).jpg";"BELLY";"0,91";"213";"623";"342";"295";"SUPPR";"0";"0";"0";"0";"0";"A:\BC\XXX\gelbooru.com-3528987#.jpg";"S461";"none"
"9";"O:\PE.2x3\PE-2x3-E10\gelbooru.com - 3528880 - original ~ unknown (harry_(dudwofla)) [PNG].jpg";"HEAD";"0,94";"238";"110";"296";"268";"SUPPR";"0";"0";"0";"0";"0";"A:\BC\XXX\gelbooru.com-3528880#.jpg";"H253";"none"
"10";"O:\PE.2x3\PE-2x3-E10\gelbooru.com - 3528880 - original ~ unknown (harry_(dudwofla)) [PNG].jpg";"head";"0,94";"238";"111";"295";"268";"BUST";"0,94";"179";"418";"473";"326";"A:\BC\XXX\gelbooru.com-3528880#.jpg";"H513";"B755"
"11";"O:\PE.2x3\PE-2x3-E10\gelbooru.com - 3528880 - original ~ unknown (harry_(dudwofla)) [PNG].jpg";"bust";"0,85";"176";"411";"476";"334";"suppr";"0";"0";"0";"0";"0";"A:\BC\XXX\gelbooru.com-3528880#.jpg";"B697";"none"
"12";"O:\PE.2x3\PE-2x3-E10\gelbooru.com - 3528880 - original ~ unknown (harry_(dudwofla)) [PNG].jpg";"BUST";"0,94";"179";"418";"473";"326";"BELLY";"0,92";"144";"762";"494";"379";"A:\BC\XXX\gelbooru.com-3528880#.jpg";"B755";"S898"
"13";"O:\PE.2x3\PE-2x3-E10\gelbooru.com - 3528880 - original ~ unknown (harry_(dudwofla)) [PNG].jpg";"nopan";"0,9";"146";"765";"490";"372";"suppr";"0";"0";"0";"0";"0";"A:\BC\XXX\gelbooru.com-3528880#.jpg";"S831";"none"
"14";"O:\PE.3x4\PE-3x4-E06\e621.net - 3528848 - gunfire_reborn ~ tao_(gunfire_reborn) (gabbah).jpg";"hrabb";"0,94";"260";"94";"575";"529";"sideb";"0,96";"202";"604";"328";"269";"A:\BC\XXX\e621.net-3528848#.jpg";"H779";"B870"
"15";"O:\PE.3x4\PE-3x4-E06\e621.net - 3528848 - gunfire_reborn ~ tao_(gunfire_reborn) (gabbah).jpg";"HRABB";"0,81";"285";"135";"550";"491";"SUPPR";"0";"0";"0";"0";"0";"A:\BC\XXX\e621.net-3528848#.jpg";"H785";"none"
"16";"O:\PE.3x4\PE-3x4-E06\e621.net - 3528848 - gunfire_reborn ~ tao_(gunfire_reborn) (gabbah).jpg";"SHLD";"0,91";"200";"606";"328";"266";"SUPPR";"0";"0";"0";"0";"0";"A:\BC\XXX\e621.net-3528848#.jpg";"B539";"none"
"17";"O:\PE.3x4\PE-3x4-E06\e621.net - 3528848 - gunfire_reborn ~ tao_(gunfire_reborn) (gabbah).jpg";"sideb";"0,96";"202";"604";"328";"269";"ass";"0,89";"328";"916";"317";"337";"A:\BC\XXX\e621.net-3528848#.jpg";"B870";"S378"
"18";"O:\PE.3x4\PE-3x4-E06\e621.net - 3528848 - gunfire_reborn ~ tao_(gunfire_reborn) (gabbah).jpg";"BUTT";"0,86";"324";"909";"319";"339";"SUPPR";"0";"0";"0";"0";"0";"A:\BC\XXX\e621.net-3528848#.jpg";"S458";"none"
"19";"O:\PE.7x10\PE-7x10-B09\e621.net - 3528768 - misc ~ unknown (fakeanna) [PNG].jpg";"HFOX";"0,85";"442";"40";"216";"235";"boob";"0,89";"357";"222";"247";"141";"A:\BC\XXX\e621.net-3528768#.jpg";"H108";"B536"
"20";"O:\PE.7x10\PE-7x10-B09\e621.net - 3528768 - misc ~ unknown (fakeanna) [PNG].jpg";"hfox";"0,72";"596";"4";"162";"258";"SHLD";"0,87";"572";"238";"205";"231";"A:\BC\XXX\e621.net-3528768#.jpg";"H921";"B567"
"21";"O:\PE.7x10\PE-7x10-B09\e621.net - 3528768 - misc ~ unknown (fakeanna) [PNG].jpg";"HFOX";"0,6";"601";"4";"155";"253";"SUPPR";"0";"0";"0";"0";"0";"A:\BC\XXX\e621.net-3528768#.jpg";"H337";"none"
"22";"O:\PE.7x10\PE-7x10-B09\e621.net - 3528768 - misc ~ unknown (fakeanna) [PNG].jpg";"hfox";"0,84";"444";"40";"217";"245";"suppr";"0";"0";"0";"0";"0";"A:\BC\XXX\e621.net-3528768#.jpg";"H336";"none"
"23";"O:\PE.7x10\PE-7x10-B09\e621.net - 3528768 - misc ~ unknown (fakeanna) [PNG].jpg";"shld";"0,81";"587";"240";"189";"228";"suppr";"0";"0";"0";"0";"0";"A:\BC\XXX\e621.net-3528768#.jpg";"B184";"none"
"24";"O:\PE.7x10\PE-7x10-B09\e621.net - 3528768 - misc ~ unknown (fakeanna) [PNG].jpg";"BUST";"0,83";"359";"222";"243";"149";"SUPPR";"0";"0";"0";"0";"0";"A:\BC\XXX\e621.net-3528768#.jpg";"B920";"none"
"25";"O:\PE.7x10\PE-7x10-B09\e621.net - 3528768 - misc ~ unknown (fakeanna) [PNG].jpg";"boob";"0,89";"357";"222";"247";"141";"belly";"0,66";"120";"419";"396";"303";"A:\BC\XXX\e621.net-3528768#.jpg";"B536";"S767"
"26";"O:\PE.7x10\PE-7x10-E09\e621.net - 3528798 - misc ~ zaire_(nightdancer) (gotikamaamakitog).jpg";"hfox";"0,56";"346";"64";"253";"235";"suppr";"0";"0";"0";"0";"0";"A:\BC\XXX\e621.net-3528798#.jpg";"H760";"none"
"27";"O:\PE.7x10\PE-7x10-E09\e621.net - 3528798 - misc ~ zaire_(nightdancer) (gotikamaamakitog).jpg";"HFOX";"0,66";"346";"63";"362";"265";"boob";"0,95";"339";"329";"242";"167";"A:\BC\XXX\e621.net-3528798#.jpg";"H873";"B449"
"28";"O:\PE.7x10\PE-7x10-E09\e621.net - 3528798 - misc ~ zaire_(nightdancer) (gotikamaamakitog).jpg";"BUST";"0,94";"339";"329";"241";"167";"SUPPR";"0";"0";"0";"0";"0";"A:\BC\XXX\e621.net-3528798#.jpg";"B330";"none"
"29";"O:\PE.7x10\PE-7x10-E09\e621.net - 3528798 - misc ~ zaire_(nightdancer) (gotikamaamakitog).jpg";"boob";"0,95";"339";"329";"242";"167";"belly";"0,93";"313";"562";"256";"223";"A:\BC\XXX\e621.net-3528798#.jpg";"B449";"S595"
"30";"O:\PE.7x10\PE-7x10-E09\e621.net - 3528798 - misc ~ zaire_(nightdancer) (gotikamaamakitog).jpg";"belly";"0,93";"311";"559";"257";"224";"suppr";"0";"0";"0";"0";"0";"A:\BC\XXX\e621.net-3528798#.jpg";"S706";"none"
"31";"O:\PE.7x10\PE-7x10-E19\gelbooru.com - 3528822 - original ~ unknown (junajuice).jpg";"head";"0,95";"310";"39";"275";"308";"BUST";"0,91";"263";"391";"364";"298";"A:\BC\XXX\gelbooru.com-3528822#.jpg";"H166";"B542"
"32";"O:\PE.7x10\PE-7x10-E19\gelbooru.com - 3528822 - original ~ unknown (junajuice).jpg";"HEAD";"0,95";"308";"41";"277";"305";"SUPPR";"0";"0";"0";"0";"0";"A:\BC\XXX\gelbooru.com-3528822#.jpg";"H873";"none"
"33";"O:\PE.7x10\PE-7x10-E19\gelbooru.com - 3528822 - original ~ unknown (junajuice).jpg";"bust";"0,81";"263";"388";"365";"302";"suppr";"0";"0";"0";"0";"0";"A:\BC\XXX\gelbooru.com-3528822#.jpg";"B466";"none"
"34";"O:\PE.7x10\PE-7x10-E19\gelbooru.com - 3528822 - original ~ unknown (junajuice).jpg";"BUST";"0,91";"263";"391";"364";"298";"SPLIT";"0,88";"143";"719";"491";"283";"A:\BC\XXX\gelbooru.com-3528822#.jpg";"B542";"S197"
"35";"O:\PE.7x10\PE-7x10-E19\gelbooru.com - 3528822 - original ~ unknown (junajuice).jpg";"split";"0,87";"144";"718";"488";"290";"suppr";"0";"0";"0";"0";"0";"A:\BC\XXX\gelbooru.com-3528822#.jpg";"S756";"none"
"36";"O:\PE.7x10\PE-7x10-E34\chan.sankakucomplex.com - 3528624 - original ~ unknown (silent-fly).jpg";"head";"0,89";"382";"379";"172";"188";"suppr";"0";"0";"0";"0";"0";"A:\BC\XXX\chan.sankakucomplex.com-3528624#.jpg";"H397";"none"
"37";"O:\PE.7x10\PE-7x10-E34\chan.sankakucomplex.com - 3528624 - original ~ unknown (silent-fly).jpg";"HEAD";"0,9";"387";"380";"170";"184";"boob";"0,75";"409";"556";"135";"75";"A:\BC\XXX\chan.sankakucomplex.com-3528624#.jpg";"H411";"B420"
"38";"O:\PE.7x10\PE-7x10-E34\chan.sankakucomplex.com - 3528624 - original ~ unknown (silent-fly).jpg";"BUST";"0,56";"406";"555";"135";"80";"SUPPR";"0";"0";"0";"0";"0";"A:\BC\XXX\chan.sankakucomplex.com-3528624#.jpg";"B225";"none"
"39";"O:\PE.7x10\PE-7x10-E34\chan.sankakucomplex.com - 3528624 - original ~ unknown (silent-fly).jpg";"boob";"0,75";"409";"556";"135";"75";"nopan";"0,89";"368";"621";"184";"120";"A:\BC\XXX\chan.sankakucomplex.com-3528624#.jpg";"B420";"S444"
"40";"O:\PE.7x10\PE-7x10-E34\chan.sankakucomplex.com - 3528624 - original ~ unknown (silent-fly).jpg";"BELLY";"0,86";"365";"595";"191";"146";"SUPPR";"0";"0";"0";"0";"0";"A:\BC\XXX\chan.sankakucomplex.com-3528624#.jpg";"S669";"none"
"41";"O:\PX.1x1\PX-1x1-B03\e621.net - 3528766 - misc ~ unknown (nekowuwu).jpg";"HCAT";"0,67";"197";"0";"455";"396";"BUST";"0,73";"221";"369";"261";"236";"A:\BC\XXX\e621.net-3528766#.jpg";"H127";"B291"
"42";"O:\PX.1x1\PX-1x1-B03\e621.net - 3528766 - misc ~ unknown (nekowuwu).jpg";"hfox";"0,62";"197";"0";"455";"395";"suppr";"0";"0";"0";"0";"0";"A:\BC\XXX\e621.net-3528766#.jpg";"H836";"none"
"43";"O:\PX.1x1\PX-1x1-B03\e621.net - 3528766 - misc ~ unknown (nekowuwu).jpg";"HCAT";"0,94";"549";"46";"379";"424";"BUST";"0,83";"431";"407";"234";"223";"A:\BC\XXX\e621.net-3528766#.jpg";"H541";"B435"
"44";"O:\PX.1x1\PX-1x1-B03\e621.net - 3528766 - misc ~ unknown (nekowuwu).jpg";"hcat";"0,93";"551";"47";"375";"420";"suppr";"0";"0";"0";"0";"0";"A:\BC\XXX\e621.net-3528766#.jpg";"H383";"none"
"45";"O:\PX.1x1\PX-1x1-B03\e621.net - 3528766 - misc ~ unknown (nekowuwu).jpg";"bust";"0,6";"223";"369";"244";"228";"suppr";"0";"0";"0";"0";"0";"A:\BC\XXX\e621.net-3528766#.jpg";"B246";"none"
"46";"O:\PX.1x1\PX-1x1-B03\e621.net - 3528766 - misc ~ unknown (nekowuwu).jpg";"bust";"0,61";"429";"409";"243";"224";"suppr";"0";"0";"0";"0";"0";"A:\BC\XXX\e621.net-3528766#.jpg";"B911";"none"
"47";"O:\PX.1x1\PX-1x1-B03\e621.net - 3528766 - misc ~ unknown (nekowuwu).jpg";"BUST";"0,73";"221";"369";"261";"236";"NOPAN";"0,8";"191";"718";"361";"302";"A:\BC\XXX\e621.net-3528766#.jpg";"B291";"S592"
"48";"O:\PX.1x1\PX-1x1-B03\e621.net - 3528766 - misc ~ unknown (nekowuwu).jpg";"hjb";"0,75";"380";"821";"175";"113";"none";"0";"0";"0";"0";"0";"A:\BC\XXX\e621.net-3528766#.jpg";"P489";"none"
"49";"O:\PX.1x1\PX-1x1-B03\e621.net - 3528766 - misc ~ unknown (nekowuwu).jpg";"BELLY";"0,41";"195";"705";"376";"316";"SUPPR";"0";"0";"0";"0";"0";"A:\BC\XXX\e621.net-3528766#.jpg";"S906";"none"
"50";"O:\PX.1x1\PX-1x1-B08\e621.net - 3528670 - league_of_legends+riot_games ~ nasus_(lol)+warwick_(lol) (sooxand).jpg";"HFOX";"0,89";"375";"136";"132";"175";"bust";"0,93";"320";"298";"199";"131";"A:\BC\XXX\e621.net-3528670#.jpg";"H218";"B290"
"51";"O:\PX.1x1\PX-1x1-B08\e621.net - 3528670 - league_of_legends+riot_games ~ nasus_(lol)+warwick_(lol) (sooxand).jpg";"HFOX";"0,88";"460";"134";"138";"150";"SUPPR";"0";"0";"0";"0";"0";"A:\BC\XXX\e621.net-3528670#.jpg";"H935";"none"
"52";"O:\PX.1x1\PX-1x1-B08\e621.net - 3528670 - league_of_legends+riot_games ~ nasus_(lol)+warwick_(lol) (sooxand).jpg";"hfox";"0,9";"458";"133";"145";"154";"shld";"0,86";"510";"241";"131";"185";"A:\BC\XXX\e621.net-3528670#.jpg";"H929";"B323"
"53";"O:\PX.1x1\PX-1x1-B08\e621.net - 3528670 - league_of_legends+riot_games ~ nasus_(lol)+warwick_(lol) (sooxand).jpg";"hfox";"0,88";"374";"136";"139";"180";"suppr";"0";"0";"0";"0";"0";"A:\BC\XXX\e621.net-3528670#.jpg";"H782";"none"
"54";"O:\PX.1x1\PX-1x1-B08\e621.net - 3528670 - league_of_legends+riot_games ~ nasus_(lol)+warwick_(lol) (sooxand).jpg";"bust";"0,93";"320";"298";"199";"131";"split";"0,91";"316";"436";"231";"169";"A:\BC\XXX\e621.net-3528670#.jpg";"B290";"S149"
"55";"O:\PX.1x1\PX-1x1-B08\e621.net - 3528670 - league_of_legends+riot_games ~ nasus_(lol)+warwick_(lol) (sooxand).jpg";"SHLD";"0,85";"509";"240";"134";"182";"SUPPR";"0";"0";"0";"0";"0";"A:\BC\XXX\e621.net-3528670#.jpg";"B455";"none"
"56";"O:\PX.1x1\PX-1x1-B08\e621.net - 3528670 - league_of_legends+riot_games ~ nasus_(lol)+warwick_(lol) (sooxand).jpg";"BUST";"0,92";"321";"303";"197";"126";"SUPPR";"0";"0";"0";"0";"0";"A:\BC\XXX\e621.net-3528670#.jpg";"B423";"none"
"57";"O:\PX.1x1\PX-1x1-B08\e621.net - 3528670 - league_of_legends+riot_games ~ nasus_(lol)+warwick_(lol) (sooxand).jpg";"shld";"0,86";"510";"241";"131";"185";"split";"0,82";"553";"446";"317";"218";"A:\BC\XXX\e621.net-3528670#.jpg";"B323";"S187"
"58";"O:\PX.1x1\PX-1x1-B08\e621.net - 3528670 - league_of_legends+riot_games ~ nasus_(lol)+warwick_(lol) (sooxand).jpg";"hjb";"0,86";"387";"412";"84";"170";"none";"0";"0";"0";"0";"0";"A:\BC\XXX\e621.net-3528670#.jpg";"P373";"none"
"59";"O:\PX.1x1\PX-1x1-B08\e621.net - 3528670 - league_of_legends+riot_games ~ nasus_(lol)+warwick_(lol) (sooxand).jpg";"split";"0,71";"561";"449";"312";"218";"suppr";"0";"0";"0";"0";"0";"A:\BC\XXX\e621.net-3528670#.jpg";"S768";"none"
"60";"O:\PX.1x1\PX-1x1-B08\e621.net - 3528670 - league_of_legends+riot_games ~ nasus_(lol)+warwick_(lol) (sooxand).jpg";"SPLIT";"0,91";"319";"437";"233";"167";"SUPPR";"0";"0";"0";"0";"0";"A:\BC\XXX\e621.net-3528670#.jpg";"S106";"none"
"61";"O:\PX.1x1\PX-1x1-B08\e621.net - 3528670 - league_of_legends+riot_games ~ nasus_(lol)+warwick_(lol) (sooxand).jpg";"hjb";"0,87";"646";"381";"113";"230";"none";"0";"0";"0";"0";"0";"A:\BC\XXX\e621.net-3528670#.jpg";"P482";"none"
"62";"O:\PX.1x1\PX-1x1-B09\e621.net - 3528667 - league_of_legends+riot_games ~ nasus_(lol)+warwick_(lol) (sooxand).jpg";"hfox";"0,88";"374";"136";"135";"177";"suppr";"0";"0";"0";"0";"0";"A:\BC\XXX\e621.net-3528667#.jpg";"H264";"none"
"63";"O:\PX.1x1\PX-1x1-B09\e621.net - 3528667 - league_of_legends+riot_games ~ nasus_(lol)+warwick_(lol) (sooxand).jpg";"HFOX";"0,88";"460";"134";"138";"150";"SUPPR";"0";"0";"0";"0";"0";"A:\BC\XXX\e621.net-3528667#.jpg";"H931";"none"
"64";"O:\PX.1x1\PX-1x1-B09\e621.net - 3528667 - league_of_legends+riot_games ~ nasus_(lol)+warwick_(lol) (sooxand).jpg";"hfox";"0,9";"458";"133";"144";"154";"shld";"0,86";"508";"242";"133";"182";"A:\BC\XXX\e621.net-3528667#.jpg";"H891";"B512"
"65";"O:\PX.1x1\PX-1x1-B09\e621.net - 3528667 - league_of_legends+riot_games ~ nasus_(lol)+warwick_(lol) (sooxand).jpg";"HFOX";"0,9";"375";"137";"132";"174";"bust";"0,93";"321";"298";"198";"131";"A:\BC\XXX\e621.net-3528667#.jpg";"H676";"B364"
"66";"O:\PX.1x1\PX-1x1-B09\e621.net - 3528667 - league_of_legends+riot_games ~ nasus_(lol)+warwick_(lol) (sooxand).jpg";"BUST";"0,92";"321";"303";"197";"126";"SUPPR";"0";"0";"0";"0";"0";"A:\BC\XXX\e621.net-3528667#.jpg";"B117";"none"
"67";"O:\PX.1x1\PX-1x1-B09\e621.net - 3528667 - league_of_legends+riot_games ~ nasus_(lol)+warwick_(lol) (sooxand).jpg";"SHLD";"0,86";"509";"239";"134";"180";"SUPPR";"0";"0";"0";"0";"0";"A:\BC\XXX\e621.net-3528667#.jpg";"B687";"none"
"68";"O:\PX.1x1\PX-1x1-B09\e621.net - 3528667 - league_of_legends+riot_games ~ nasus_(lol)+warwick_(lol) (sooxand).jpg";"shld";"0,86";"508";"242";"133";"182";"split";"0,68";"559";"441";"314";"226";"A:\BC\XXX\e621.net-3528667#.jpg";"B512";"S339"
"69";"O:\PX.1x1\PX-1x1-B09\e621.net - 3528667 - league_of_legends+riot_games ~ nasus_(lol)+warwick_(lol) (sooxand).jpg";"bust";"0,93";"321";"298";"198";"131";"split";"0,9";"316";"437";"228";"168";"A:\BC\XXX\e621.net-3528667#.jpg";"B364";"S231"
"70";"O:\PX.1x1\PX-1x1-B09\e621.net - 3528667 - league_of_legends+riot_games ~ nasus_(lol)+warwick_(lol) (sooxand).jpg";"hjb";"0,86";"389";"417";"81";"160";"none";"0";"0";"0";"0";"0";"A:\BC\XXX\e621.net-3528667#.jpg";"P561";"none"
"71";"O:\PX.1x1\PX-1x1-B09\e621.net - 3528667 - league_of_legends+riot_games ~ nasus_(lol)+warwick_(lol) (sooxand).jpg";"SPLIT";"0,9";"317";"438";"228";"167";"SUPPR";"0";"0";"0";"0";"0";"A:\BC\XXX\e621.net-3528667#.jpg";"S352";"none"
"72";"O:\PX.1x1\PX-1x1-B09\e621.net - 3528667 - league_of_legends+riot_games ~ nasus_(lol)+warwick_(lol) (sooxand).jpg";"SPLIT";"0,66";"551";"433";"323";"231";"SUPPR";"0";"0";"0";"0";"0";"A:\BC\XXX\e621.net-3528667#.jpg";"S204";"none"
"73";"O:\PX.1x1\PX-1x1-B09\e621.net - 3528667 - league_of_legends+riot_games ~ nasus_(lol)+warwick_(lol) (sooxand).jpg";"hjb";"0,89";"652";"409";"105";"201";"none";"0";"0";"0";"0";"0";"A:\BC\XXX\e621.net-3528667#.jpg";"P854";"none"
"74";"O:\PX.1x1\PX-1x1-E11\e621.net - 3528821 - dofus ~ unknown (radishflavor).jpg";"hbear";"0,93";"320";"50";"528";"495";"suppr";"0";"0";"0";"0";"0";"A:\BC\XXX\e621.net-3528821#.jpg";"H486";"none"
"75";"O:\PX.1x1\PX-1x1-E11\e621.net - 3528821 - dofus ~ unknown (radishflavor).jpg";"HBEAR";"0,94";"320";"49";"535";"497";"boob";"0,93";"440";"521";"240";"154";"A:\BC\XXX\e621.net-3528821#.jpg";"H722";"B179"
"76";"O:\PX.1x1\PX-1x1-E11\e621.net - 3528821 - dofus ~ unknown (radishflavor).jpg";"boob";"0,93";"440";"521";"240";"154";"sprd";"0,89";"320";"668";"584";"450";"A:\BC\XXX\e621.net-3528821#.jpg";"B179";"S196"
"77";"O:\PX.1x1\PX-1x1-E11\e621.net - 3528821 - dofus ~ unknown (radishflavor).jpg";"BUST";"0,87";"443";"521";"245";"165";"SUPPR";"0";"0";"0";"0";"0";"A:\BC\XXX\e621.net-3528821#.jpg";"B886";"none"
"78";"O:\PX.1x1\PX-1x1-E11\e621.net - 3528821 - dofus ~ unknown (radishflavor).jpg";"pns";"0,91";"483";"700";"362";"507";"none";"0";"0";"0";"0";"0";"A:\BC\XXX\e621.net-3528821#.jpg";"P351";"none"
"79";"O:\PX.1x1\PX-1x1-E11\e621.net - 3528821 - dofus ~ unknown (radishflavor).jpg";"SPLIT";"0,59";"296";"663";"624";"464";"SUPPR";"0";"0";"0";"0";"0";"A:\BC\XXX\e621.net-3528821#.jpg";"S836";"none"
"80";"O:\PX.1x1\PX-1x1-E12\e621.net - 3528678 - league_of_legends+riot_games ~ nasus_(lol)+warwick_(lol) (sooxand).jpg";"HFOX";"0,91";"651";"69";"144";"165";"SUPPR";"0";"0";"0";"0";"0";"A:\BC\XXX\e621.net-3528678#.jpg";"H157";"none"
"81";"O:\PX.1x1\PX-1x1-E12\e621.net - 3528678 - league_of_legends+riot_games ~ nasus_(lol)+warwick_(lol) (sooxand).jpg";"hfox";"0,91";"654";"70";"142";"163";"SHLD";"0,78";"656";"210";"84";"115";"A:\BC\XXX\e621.net-3528678#.jpg";"H527";"B234"
"82";"O:\PX.1x1\PX-1x1-E12\e621.net - 3528678 - league_of_legends+riot_games ~ nasus_(lol)+warwick_(lol) (sooxand).jpg";"BUST";"0,6";"521";"479";"201";"139";"SUPPR";"0";"0";"0";"0";"0";"A:\BC\XXX\e621.net-3528678#.jpg";"B146";"none"
"83";"O:\PX.1x1\PX-1x1-E12\e621.net - 3528678 - league_of_legends+riot_games ~ nasus_(lol)+warwick_(lol) (sooxand).jpg";"boob";"0,87";"518";"473";"215";"132";"none";"0";"0";"0";"0";"0";"A:\BC\XXX\e621.net-3528678#.jpg";"B911";"none"
"84";"O:\PX.1x1\PX-1x1-E12\e621.net - 3528678 - league_of_legends+riot_games ~ nasus_(lol)+warwick_(lol) (sooxand).jpg";"shld";"0,75";"657";"208";"84";"124";"suppr";"0";"0";"0";"0";"0";"A:\BC\XXX\e621.net-3528678#.jpg";"B576";"none"
"85";"O:\PX.1x1\PX-1x1-E12\e621.net - 3528678 - league_of_legends+riot_games ~ nasus_(lol)+warwick_(lol) (sooxand).jpg";"SHLD";"0,78";"656";"210";"84";"115";"HIP";"0,85";"619";"353";"225";"132";"A:\BC\XXX\e621.net-3528678#.jpg";"B234";"S321"
"86";"O:\PX.1x1\PX-1x1-E12\e621.net - 3528678 - league_of_legends+riot_games ~ nasus_(lol)+warwick_(lol) (sooxand).jpg";"pns";"0,9";"419";"510";"89";"163";"none";"0";"0";"0";"0";"0";"A:\BC\XXX\e621.net-3528678#.jpg";"P351";"none"
"87";"O:\PX.1x1\PX-1x1-E12\e621.net - 3528678 - league_of_legends+riot_games ~ nasus_(lol)+warwick_(lol) (sooxand).jpg";"belly";"0,78";"375";"543";"231";"236";"suppr";"0";"0";"0";"0";"0";"A:\BC\XXX\e621.net-3528678#.jpg";"S765";"none"
"88";"O:\PX.1x1\PX-1x1-E12\e621.net - 3528678 - league_of_legends+riot_games ~ nasus_(lol)+warwick_(lol) (sooxand).jpg";"BELLY";"0,82";"372";"531";"232";"249";"NONE";"0";"0";"0";"0";"0";"A:\BC\XXX\e621.net-3528678#.jpg";"S520";"none"
"89";"O:\PX.1x1\PX-1x1-E12\e621.net - 3528678 - league_of_legends+riot_games ~ nasus_(lol)+warwick_(lol) (sooxand).jpg";"hip";"0,75";"600";"348";"245";"140";"suppr";"0";"0";"0";"0";"0";"A:\BC\XXX\e621.net-3528678#.jpg";"S189";"none"
"90";"O:\PX.1x1\PX-1x1-E12\e621.net - 3528684 - league_of_legends+riot_games ~ nasus_(lol)+warwick_(lol) (sooxand).jpg";"HFOX";"0,91";"651";"69";"144";"166";"SUPPR";"0";"0";"0";"0";"0";"A:\BC\XXX\e621.net-3528684#.jpg";"H555";"none"
"91";"O:\PX.1x1\PX-1x1-E12\e621.net - 3528684 - league_of_legends+riot_games ~ nasus_(lol)+warwick_(lol) (sooxand).jpg";"hfox";"0,91";"654";"70";"142";"163";"shld";"0,79";"659";"208";"84";"125";"A:\BC\XXX\e621.net-3528684#.jpg";"H714";"B754"
"92";"O:\PX.1x1\PX-1x1-E12\e621.net - 3528684 - league_of_legends+riot_games ~ nasus_(lol)+warwick_(lol) (sooxand).jpg";"SHLD";"0,79";"656";"209";"85";"116";"SUPPR";"0";"0";"0";"0";"0";"A:\BC\XXX\e621.net-3528684#.jpg";"B487";"none"
"93";"O:\PX.1x1\PX-1x1-E12\e621.net - 3528684 - league_of_legends+riot_games ~ nasus_(lol)+warwick_(lol) (sooxand).jpg";"BUST";"0,71";"521";"477";"202";"139";"SUPPR";"0";"0";"0";"0";"0";"A:\BC\XXX\e621.net-3528684#.jpg";"B909";"none"
"94";"O:\PX.1x1\PX-1x1-E12\e621.net - 3528684 - league_of_legends+riot_games ~ nasus_(lol)+warwick_(lol) (sooxand).jpg";"boob";"0,84";"518";"472";"215";"133";"none";"0";"0";"0";"0";"0";"A:\BC\XXX\e621.net-3528684#.jpg";"B849";"none"
"95";"O:\PX.1x1\PX-1x1-E12\e621.net - 3528684 - league_of_legends+riot_games ~ nasus_(lol)+warwick_(lol) (sooxand).jpg";"shld";"0,79";"659";"208";"84";"125";"hip";"0,86";"618";"353";"226";"132";"A:\BC\XXX\e621.net-3528684#.jpg";"B754";"S809"
"96";"O:\PX.1x1\PX-1x1-E12\e621.net - 3528684 - league_of_legends+riot_games ~ nasus_(lol)+warwick_(lol) (sooxand).jpg";"hjb";"0,84";"415";"510";"93";"165";"none";"0";"0";"0";"0";"0";"A:\BC\XXX\e621.net-3528684#.jpg";"P725";"none"
"97";"O:\PX.1x1\PX-1x1-E12\e621.net - 3528684 - league_of_legends+riot_games ~ nasus_(lol)+warwick_(lol) (sooxand).jpg";"cun";"0,54";"594";"396";"79";"94";"none";"0";"0";"0";"0";"0";"A:\BC\XXX\e621.net-3528684#.jpg";"V584";"none"
"98";"O:\PX.1x1\PX-1x1-E12\e621.net - 3528684 - league_of_legends+riot_games ~ nasus_(lol)+warwick_(lol) (sooxand).jpg";"hip";"0,78";"605";"349";"239";"137";"suppr";"0";"0";"0";"0";"0";"A:\BC\XXX\e621.net-3528684#.jpg";"S909";"none"
"99";"O:\PX.1x1\PX-1x1-E12\e621.net - 3528684 - league_of_legends+riot_games ~ nasus_(lol)+warwick_(lol) (sooxand).jpg";"belly";"0,82";"368";"546";"236";"234";"suppr";"0";"0";"0";"0";"0";"A:\BC\XXX\e621.net-3528684#.jpg";"S559";"none"
"100";"O:\PX.1x1\PX-1x1-E12\e621.net - 3528684 - league_of_legends+riot_games ~ nasus_(lol)+warwick_(lol) (sooxand).jpg";"BELLY";"0,84";"366";"534";"236";"247";"NONE";"0";"0";"0";"0";"0";"A:\BC\XXX\e621.net-3528684#.jpg";"S223";"none"
"101";"O:\PX.3x2\PX-3x2-A01\e621.net - 3528704 - bluey ~ unknown (nottrevbe).jpg";"pns";"0,86";"259";"106";"455";"952";"none";"0";"0";"0";"0";"0";"A:\BC\XXX\e621.net-3528704#.jpg";"P517";"none"
"102";"O:\PX.3x2\PX-3x2-C00\e621.net - 3528660 - misc ~ unknown (puinkey_(artist)).jpg";"hcat";"0,95";"373";"28";"466";"430";"BUST";"0,82";"417";"437";"236";"168";"A:\BC\XXX\e621.net-3528660#.jpg";"H246";"B546"
"103";"O:\PX.3x2\PX-3x2-C00\e621.net - 3528660 - misc ~ unknown (puinkey_(artist)).jpg";"HBEAR";"0,9";"0";"33";"142";"260";"SUPPR";"0";"0";"0";"0";"0";"A:\BC\XXX\e621.net-3528660#.jpg";"H812";"none"
"104";"O:\PX.3x2\PX-3x2-C00\e621.net - 3528660 - misc ~ unknown (puinkey_(artist)).jpg";"hrabb";"0,61";"851";"86";"432";"364";"BUST";"0,83";"1013";"423";"308";"188";"A:\BC\XXX\e621.net-3528660#.jpg";"H633";"B188"
"105";"O:\PX.3x2\PX-3x2-C00\e621.net - 3528660 - misc ~ unknown (puinkey_(artist)).jpg";"HCAT";"0,93";"374";"29";"465";"430";"SUPPR";"0";"0";"0";"0";"0";"A:\BC\XXX\e621.net-3528660#.jpg";"H374";"none"
"106";"O:\PX.3x2\PX-3x2-C00\e621.net - 3528660 - misc ~ unknown (puinkey_(artist)).jpg";"hbear";"0,92";"0";"33";"143";"259";"BUST";"0,78";"0";"253";"262";"239";"A:\BC\XXX\e621.net-3528660#.jpg";"H300";"B272"
"107";"O:\PX.3x2\PX-3x2-C00\e621.net - 3528660 - misc ~ unknown (puinkey_(artist)).jpg";"HRABB";"0,41";"853";"87";"438";"367";"SUPPR";"0";"0";"0";"0";"0";"A:\BC\XXX\e621.net-3528660#.jpg";"H267";"none"
"108";"O:\PX.3x2\PX-3x2-C00\e621.net - 3528660 - misc ~ unknown (puinkey_(artist)).jpg";"BUST";"0,83";"1013";"423";"308";"188";"SPLIT";"0,9";"1138";"604";"483";"377";"A:\BC\XXX\e621.net-3528660#.jpg";"B188";"S703"
"109";"O:\PX.3x2\PX-3x2-C00\e621.net - 3528660 - misc ~ unknown (puinkey_(artist)).jpg";"bust";"0,83";"1028";"422";"296";"184";"suppr";"0";"0";"0";"0";"0";"A:\BC\XXX\e621.net-3528660#.jpg";"B755";"none"
"110";"O:\PX.3x2\PX-3x2-C00\e621.net - 3528660 - misc ~ unknown (puinkey_(artist)).jpg";"bust";"0,69";"412";"439";"228";"164";"suppr";"0";"0";"0";"0";"0";"A:\BC\XXX\e621.net-3528660#.jpg";"B732";"none"
"111";"O:\PX.3x2\PX-3x2-C00\e621.net - 3528660 - misc ~ unknown (puinkey_(artist)).jpg";"bust";"0,62";"0";"255";"249";"223";"suppr";"0";"0";"0";"0";"0";"A:\BC\XXX\e621.net-3528660#.jpg";"B615";"none"
"112";"O:\PX.3x2\PX-3x2-C00\e621.net - 3528660 - misc ~ unknown (puinkey_(artist)).jpg";"BUST";"0,82";"417";"437";"236";"168";"SPLIT";"0,9";"155";"597";"439";"319";"A:\BC\XXX\e621.net-3528660#.jpg";"B546";"S301"
"113";"O:\PX.3x2\PX-3x2-C00\e621.net - 3528660 - misc ~ unknown (puinkey_(artist)).jpg";"pns";"0,89";"251";"585";"160";"208";"none";"0";"0";"0";"0";"0";"A:\BC\XXX\e621.net-3528660#.jpg";"P135";"none"
"114";"O:\PX.3x2\PX-3x2-C00\e621.net - 3528660 - misc ~ unknown (puinkey_(artist)).jpg";"split";"0,81";"1142";"603";"477";"375";"suppr";"0";"0";"0";"0";"0";"A:\BC\XXX\e621.net-3528660#.jpg";"S722";"none"
"115";"O:\PX.3x2\PX-3x2-C00\e621.net - 3528660 - misc ~ unknown (puinkey_(artist)).jpg";"split";"0,9";"167";"608";"417";"307";"suppr";"0";"0";"0";"0";"0";"A:\BC\XXX\e621.net-3528660#.jpg";"S255";"none"
"116";"O:\PX.3x2\PX-3x2-C00\e621.net - 3528660 - misc ~ unknown (puinkey_(artist)).jpg";"pns";"0,93";"1348";"598";"185";"267";"none";"0";"0";"0";"0";"0";"A:\BC\XXX\e621.net-3528660#.jpg";"P673";"none"
"117";"O:\PX.3x2\PX-3x2-C00\e621.net - 3528660 - misc ~ unknown (puinkey_(artist)).jpg";"pns";"0,92";"73";"397";"217";"208";"none";"0";"0";"0";"0";"0";"A:\BC\XXX\e621.net-3528660#.jpg";"P362";"none"
"118";"O:\PX.3x2\PX-3x2-E16\e621.net - 3528733 - misc ~ unknown (stame).jpg";"hcat";"0,73";"740";"77";"375";"363";"suppr";"0";"0";"0";"0";"0";"A:\BC\XXX\e621.net-3528733#.jpg";"H206";"none"
"119";"O:\PX.3x2\PX-3x2-E16\e621.net - 3528733 - misc ~ unknown (stame).jpg";"HCAT";"0,93";"738";"75";"374";"361";"boob";"0,91";"835";"442";"219";"165";"A:\BC\XXX\e621.net-3528733#.jpg";"H878";"B426"
"120";"O:\PX.3x2\PX-3x2-E16\e621.net - 3528733 - misc ~ unknown (stame).jpg";"boob";"0,91";"835";"442";"219";"165";"nopan";"0,92";"869";"668";"227";"218";"A:\BC\XXX\e621.net-3528733#.jpg";"B426";"S464"
"121";"O:\PX.3x2\PX-3x2-E16\e621.net - 3528733 - misc ~ unknown (stame).jpg";"BUST";"0,89";"837";"433";"222";"161";"SUPPR";"0";"0";"0";"0";"0";"A:\BC\XXX\e621.net-3528733#.jpg";"B437";"none"
"122";"O:\PX.3x2\PX-3x2-E16\e621.net - 3528733 - misc ~ unknown (stame).jpg";"BELLY";"0,91";"870";"672";"225";"206";"SUPPR";"0";"0";"0";"0";"0";"A:\BC\XXX\e621.net-3528733#.jpg";"S771";"none"
"123";"O:\PX.7x10\PX-7x10-E05\gelbooru.com - 3528623 - kantai_collection ~ yamakaze_(kancolle) (b3b).jpg";"head";"0,83";"167";"0";"412";"327";"boob";"0,78";"252";"315";"342";"189";"A:\BC\XXX\gelbooru.com-3528623#.jpg";"H220";"B651"
"124";"O:\PX.7x10\PX-7x10-E05\gelbooru.com - 3528623 - kantai_collection ~ yamakaze_(kancolle) (b3b).jpg";"HEAD";"0,8";"171";"0";"407";"326";"SUPPR";"0";"0";"0";"0";"0";"A:\BC\XXX\gelbooru.com-3528623#.jpg";"H684";"none"
"125";"O:\PX.7x10\PX-7x10-E05\gelbooru.com - 3528623 - kantai_collection ~ yamakaze_(kancolle) (b3b).jpg";"boob";"0,78";"252";"315";"342";"189";"hip";"0,67";"237";"415";"497";"669";"A:\BC\XXX\gelbooru.com-3528623#.jpg";"B651";"S675"
"126";"O:\PX.7x10\PX-7x10-E05\gelbooru.com - 3528623 - kantai_collection ~ yamakaze_(kancolle) (b3b).jpg";"BUST";"0,78";"258";"316";"331";"179";"SUPPR";"0";"0";"0";"0";"0";"A:\BC\XXX\gelbooru.com-3528623#.jpg";"B862";"none"
"127";"O:\PX.7x10\PX-7x10-E05\gelbooru.com - 3528623 - kantai_collection ~ yamakaze_(kancolle) (b3b).jpg";"sprd";"0,76";"306";"676";"404";"420";"none";"0";"0";"0";"0";"0";"A:\BC\XXX\gelbooru.com-3528623#.jpg";"S605";"none"
"128";"O:\PX.7x10\PX-7x10-E05\gelbooru.com - 3528623 - kantai_collection ~ yamakaze_(kancolle) (b3b).jpg";"spr";"0,86";"430";"822";"154";"220";"none";"0";"0";"0";"0";"0";"A:\BC\XXX\gelbooru.com-3528623#.jpg";"V283";"none"
"129";"O:\PX.7x10\PX-7x10-E08\gelbooru.com - 3528925 - original ~ unknown (kenniti123_(kennitipotto)).jpg";"HEAD";"0,95";"205";"0";"447";"414";"SUPPR";"0";"0";"0";"0";"0";"A:\BC\XXX\gelbooru.com-3528925#.jpg";"H189";"none"
"130";"O:\PX.7x10\PX-7x10-E08\gelbooru.com - 3528925 - original ~ unknown (kenniti123_(kennitipotto)).jpg";"head";"0,97";"207";"0";"446";"413";"boob";"0,92";"222";"416";"276";"179";"A:\BC\XXX\gelbooru.com-3528925#.jpg";"H203";"B396"
"131";"O:\PX.7x10\PX-7x10-E08\gelbooru.com - 3528925 - original ~ unknown (kenniti123_(kennitipotto)).jpg";"boob";"0,92";"222";"416";"276";"179";"sprd";"0,92";"216";"645";"593";"539";"A:\BC\XXX\gelbooru.com-3528925#.jpg";"B396";"S156"
"132";"O:\PX.7x10\PX-7x10-E08\gelbooru.com - 3528925 - original ~ unknown (kenniti123_(kennitipotto)).jpg";"BUST";"0,92";"222";"415";"280";"180";"SUPPR";"0";"0";"0";"0";"0";"A:\BC\XXX\gelbooru.com-3528925#.jpg";"B786";"none"
"133";"O:\PX.7x10\PX-7x10-E08\gelbooru.com - 3528925 - original ~ unknown (kenniti123_(kennitipotto)).jpg";"SPLIT";"0,89";"181";"651";"631";"529";"SUPPR";"0";"0";"0";"0";"0";"A:\BC\XXX\gelbooru.com-3528925#.jpg";"S218";"none"
"134";"O:\PX.7x10\PX-7x10-E08\gelbooru.com - 3528925 - original ~ unknown (kenniti123_(kennitipotto)).jpg";"spr";"0,84";"432";"880";"220";"201";"none";"0";"0";"0";"0";"0";"A:\BC\XXX\gelbooru.com-3528925#.jpg";"V239";"none"
"135";"O:\PX.7x10\PX-7x10-E14\gelbooru.com - 3528745 - monster_girl_encyclopedia ~ kakuen_(monster_girl_encyclopedia) (pyunya).jpg";"head";"0,91";"338";"0";"522";"431";"boob";"0,94";"176";"390";"434";"305";"A:\BC\XXX\gelbooru.com-3528745#.jpg";"H155";"B690"
"136";"O:\PX.7x10\PX-7x10-E14\gelbooru.com - 3528745 - monster_girl_encyclopedia ~ kakuen_(monster_girl_encyclopedia) (pyunya).jpg";"HEAD";"0,9";"348";"0";"509";"428";"SUPPR";"0";"0";"0";"0";"0";"A:\BC\XXX\gelbooru.com-3528745#.jpg";"H702";"none"
"137";"O:\PX.7x10\PX-7x10-E14\gelbooru.com - 3528745 - monster_girl_encyclopedia ~ kakuen_(monster_girl_encyclopedia) (pyunya).jpg";"BUST";"0,93";"177";"391";"436";"304";"SUPPR";"0";"0";"0";"0";"0";"A:\BC\XXX\gelbooru.com-3528745#.jpg";"B530";"none"
"138";"O:\PX.7x10\PX-7x10-E14\gelbooru.com - 3528745 - monster_girl_encyclopedia ~ kakuen_(monster_girl_encyclopedia) (pyunya).jpg";"boob";"0,94";"176";"390";"434";"305";"sprd";"0,93";"70";"848";"551";"432";"A:\BC\XXX\gelbooru.com-3528745#.jpg";"B690";"S904"
"139";"O:\PX.7x10\PX-7x10-E14\gelbooru.com - 3528745 - monster_girl_encyclopedia ~ kakuen_(monster_girl_encyclopedia) (pyunya).jpg";"SPLIT";"0,91";"52";"846";"591";"434";"SUPPR";"0";"0";"0";"0";"0";"A:\BC\XXX\gelbooru.com-3528745#.jpg";"S278";"none"
"140";"O:\PX.7x10\PX-7x10-E14\gelbooru.com - 3528745 - monster_girl_encyclopedia ~ kakuen_(monster_girl_encyclopedia) (pyunya).jpg";"spr";"0,82";"259";"1056";"202";"186";"none";"0";"0";"0";"0";"0";"A:\BC\XXX\gelbooru.com-3528745#.jpg";"V572";"none"
"141";"O:\PX.7x10\PX-7x10-E26\e621.net - 3528983 - misc ~ unknown (sukk-madikk).jpg";"HBEAR";"0,95";"373";"332";"510";"495";"SUPPR";"0";"0";"0";"0";"0";"A:\BC\XXX\e621.net-3528983#.jpg";"H221";"none"
"142";"O:\PX.7x10\PX-7x10-E26\e621.net - 3528983 - misc ~ unknown (sukk-madikk).jpg";"hbear";"0,97";"372";"333";"513";"498";"boob";"0,94";"433";"851";"396";"279";"A:\BC\XXX\e621.net-3528983#.jpg";"H319";"B908"
"143";"O:\PX.7x10\PX-7x10-E26\e621.net - 3528983 - misc ~ unknown (sukk-madikk).jpg";"BUST";"0,93";"432";"845";"400";"278";"SUPPR";"0";"0";"0";"0";"0";"A:\BC\XXX\e621.net-3528983#.jpg";"B441";"none"
"144";"O:\PX.7x10\PX-7x10-E26\e621.net - 3528983 - misc ~ unknown (sukk-madikk).jpg";"boob";"0,94";"433";"851";"396";"279";"nopan";"0,94";"446";"1183";"500";"347";"A:\BC\XXX\e621.net-3528983#.jpg";"B908";"S618"
"145";"O:\PX.7x10\PX-7x10-E26\e621.net - 3528983 - misc ~ unknown (sukk-madikk).jpg";"BELLY";"0,93";"447";"1172";"501";"360";"SUPPR";"0";"0";"0";"0";"0";"A:\BC\XXX\e621.net-3528983#.jpg";"S462";"none"
"146";"O:\PX.7x10\PX-7x10-E27\e621.net - 3528978 - pokemon ~ unknown (sukk-madikk).jpg";"head";"0,81";"469";"276";"493";"583";"suppr";"0";"0";"0";"0";"0";"A:\BC\XXX\e621.net-3528978#.jpg";"H210";"none"
"147";"O:\PX.7x10\PX-7x10-E27\e621.net - 3528978 - pokemon ~ unknown (sukk-madikk).jpg";"HEAD";"0,84";"469";"275";"492";"586";"boob";"0,94";"493";"872";"306";"219";"A:\BC\XXX\e621.net-3528978#.jpg";"H423";"B132"
"148";"O:\PX.7x10\PX-7x10-E27\e621.net - 3528978 - pokemon ~ unknown (sukk-madikk).jpg";"boob";"0,94";"493";"872";"306";"219";"nopan";"0,94";"514";"1197";"392";"360";"A:\BC\XXX\e621.net-3528978#.jpg";"B132";"S543"
"149";"O:\PX.7x10\PX-7x10-E27\e621.net - 3528978 - pokemon ~ unknown (sukk-madikk).jpg";"BUST";"0,91";"495";"874";"304";"222";"SUPPR";"0";"0";"0";"0";"0";"A:\BC\XXX\e621.net-3528978#.jpg";"B399";"none"
"150";"O:\PX.7x10\PX-7x10-E27\e621.net - 3528978 - pokemon ~ unknown (sukk-madikk).jpg";"BELLY";"0,93";"512";"1198";"393";"362";"SUPPR";"0";"0";"0";"0";"0";"A:\BC\XXX\e621.net-3528978#.jpg";"S276";"none"
"151";"P:\PA.1x1\1x1-B04\e621.net - 3528699 - mythology ~ unknown (semiitu).jpg";"head";"0,81";"268";"79";"316";"340";"suppr";"0";"0";"0";"0";"0";"A:\BC\XXX\e621.net-3528699#.jpg";"H125";"none"
"152";"P:\PA.1x1\1x1-B04\e621.net - 3528699 - mythology ~ unknown (semiitu).jpg";"head";"0,73";"74";"155";"249";"314";"suppr";"0";"0";"0";"0";"0";"A:\BC\XXX\e621.net-3528699#.jpg";"H701";"none"
"153";"P:\PA.1x1\1x1-B04\e621.net - 3528699 - mythology ~ unknown (semiitu).jpg";"HEAD";"0,85";"73";"157";"249";"314";"NONE";"0";"0";"0";"0";"0";"A:\BC\XXX\e621.net-3528699#.jpg";"H522";"none"
"154";"P:\PA.1x1\1x1-B04\e621.net - 3528699 - mythology ~ unknown (semiitu).jpg";"HEAD";"0,82";"262";"76";"306";"343";"boob";"0,87";"274";"402";"275";"180";"A:\BC\XXX\e621.net-3528699#.jpg";"H514";"B924"
"155";"P:\PA.1x1\1x1-B04\e621.net - 3528699 - mythology ~ unknown (semiitu).jpg";"BUST";"0,85";"272";"406";"279";"179";"SUPPR";"0";"0";"0";"0";"0";"A:\BC\XXX\e621.net-3528699#.jpg";"B263";"none"
"156";"P:\PA.1x1\1x1-B04\e621.net - 3528699 - mythology ~ unknown (semiitu).jpg";"hjb";"0,71";"200";"521";"286";"310";"none";"0";"0";"0";"0";"0";"A:\BC\XXX\e621.net-3528699#.jpg";"P339";"none"
"157";"P:\PA.1x1\1x1-B18\e621.net - 3528689 - mythology ~ unknown (semiitu).jpg";"HEAD";"0,84";"262";"82";"293";"335";"SUPPR";"0";"0";"0";"0";"0";"A:\BC\XXX\e621.net-3528689#.jpg";"H198";"none"
"158";"P:\PA.1x1\1x1-B18\e621.net - 3528689 - mythology ~ unknown (semiitu).jpg";"head";"0,75";"77";"156";"247";"313";"suppr";"0";"0";"0";"0";"0";"A:\BC\XXX\e621.net-3528689#.jpg";"H879";"none"
"159";"P:\PA.1x1\1x1-B18\e621.net - 3528689 - mythology ~ unknown (semiitu).jpg";"head";"0,84";"270";"86";"282";"332";"BUST";"0,48";"362";"406";"189";"149";"A:\BC\XXX\e621.net-3528689#.jpg";"H712";"B513"
"160";"P:\PA.1x1\1x1-B18\e621.net - 3528689 - mythology ~ unknown (semiitu).jpg";"HEAD";"0,82";"75";"168";"245";"302";"boob";"0,83";"277";"403";"270";"182";"A:\BC\XXX\e621.net-3528689#.jpg";"H408";"B271"
"161";"P:\PA.1x1\1x1-B18\e621.net - 3528689 - mythology ~ unknown (semiitu).jpg";"bust";"0,67";"42";"830";"864";"450";"none";"0";"0";"0";"0";"0";"A:\BC\XXX\e621.net-3528689#.jpg";"B519";"none"
"162";"P:\PA.1x1\1x1-B18\e621.net - 3528689 - mythology ~ unknown (semiitu).jpg";"hjb";"0,46";"203";"521";"368";"373";"none";"0";"0";"0";"0";"0";"A:\BC\XXX\e621.net-3528689#.jpg";"P539";"none"
"163";"P:\PA.1x1\1x1-B19\e621.net - 3528856 - foxtrot_(glacierclear) ~ blue_moon_(glacierclear) (glacierclear).jpg";"hcat";"0,69";"1165";"46";"1266";"1465";"suppr";"0";"0";"0";"0";"0";"A:\BC\XXX\e621.net-3528856#.jpg";"H464";"none"
"164";"P:\PA.1x1\1x1-B19\e621.net - 3528856 - foxtrot_(glacierclear) ~ blue_moon_(glacierclear) (glacierclear).jpg";"HCAT";"0,82";"1168";"49";"1257";"1467";"NONE";"0";"0";"0";"0";"0";"A:\BC\XXX\e621.net-3528856#.jpg";"H728";"none"
"165";"P:\PA.1x1\1x1-B19\e621.net - 3528856 - foxtrot_(glacierclear) ~ blue_moon_(glacierclear) (glacierclear).jpg";"HCAT";"0,92";"306";"1";"869";"879";"SUPPR";"0";"0";"0";"0";"0";"A:\BC\XXX\e621.net-3528856#.jpg";"H720";"none"
"166";"P:\PA.1x1\1x1-B19\e621.net - 3528856 - foxtrot_(glacierclear) ~ blue_moon_(glacierclear) (glacierclear).jpg";"hcat";"0,93";"298";"0";"876";"880";"boob";"0,94";"331";"932";"916";"705";"A:\BC\XXX\e621.net-3528856#.jpg";"H659";"B436"
"167";"P:\PA.1x1\1x1-B19\e621.net - 3528856 - foxtrot_(glacierclear) ~ blue_moon_(glacierclear) (glacierclear).jpg";"boob";"0,94";"331";"932";"916";"705";"nopan";"0,94";"131";"1643";"1145";"765";"A:\BC\XXX\e621.net-3528856#.jpg";"B436";"S846"
"168";"P:\PA.1x1\1x1-B19\e621.net - 3528856 - foxtrot_(glacierclear) ~ blue_moon_(glacierclear) (glacierclear).jpg";"BUST";"0,93";"320";"926";"916";"707";"SUPPR";"0";"0";"0";"0";"0";"A:\BC\XXX\e621.net-3528856#.jpg";"B756";"none"
"169";"P:\PA.1x1\1x1-B19\e621.net - 3528856 - foxtrot_(glacierclear) ~ blue_moon_(glacierclear) (glacierclear).jpg";"pns";"0,87";"644";"2000";"355";"499";"none";"0";"0";"0";"0";"0";"A:\BC\XXX\e621.net-3528856#.jpg";"P556";"none"
"170";"P:\PA.1x1\1x1-B19\e621.net - 3528856 - foxtrot_(glacierclear) ~ blue_moon_(glacierclear) (glacierclear).jpg";"BELLY";"0,92";"126";"1638";"1144";"767";"SUPPR";"0";"0";"0";"0";"0";"A:\BC\XXX\e621.net-3528856#.jpg";"S587";"none"
"171";"P:\PA.1x1\1x1-C02\e621.net - 3528996 - pokemon ~ sunshine_light+lugia (thevale).jpg";"hhorse";"0,58";"34";"56";"174";"163";"suppr";"0";"0";"0";"0";"0";"A:\BC\XXX\e621.net-3528996#.jpg";"H273";"none"
"172";"P:\PA.1x1\1x1-C02\e621.net - 3528996 - pokemon ~ sunshine_light+lugia (thevale).jpg";"hfox";"0,72";"922";"487";"160";"165";"suppr";"0";"0";"0";"0";"0";"A:\BC\XXX\e621.net-3528996#.jpg";"H806";"none"
"173";"P:\PA.1x1\1x1-C02\e621.net - 3528996 - pokemon ~ sunshine_light+lugia (thevale).jpg";"HHORSE";"0,71";"32";"59";"176";"158";"NONE";"0";"0";"0";"0";"0";"A:\BC\XXX\e621.net-3528996#.jpg";"H696";"none"
"174";"P:\PA.1x1\1x1-C02\e621.net - 3528996 - pokemon ~ sunshine_light+lugia (thevale).jpg";"hfox";"0,95";"523";"335";"187";"190";"boob";"0,94";"431";"514";"259";"189";"A:\BC\XXX\e621.net-3528996#.jpg";"H629";"B697"
"175";"P:\PA.1x1\1x1-C02\e621.net - 3528996 - pokemon ~ sunshine_light+lugia (thevale).jpg";"HDRAGO";"0,87";"390";"0";"201";"123";"SUPPR";"0";"0";"0";"0";"0";"A:\BC\XXX\e621.net-3528996#.jpg";"H539";"none"
"176";"P:\PA.1x1\1x1-C02\e621.net - 3528996 - pokemon ~ sunshine_light+lugia (thevale).jpg";"hdrago";"0,88";"390";"0";"201";"121";"boob";"0,93";"401";"124";"188";"130";"A:\BC\XXX\e621.net-3528996#.jpg";"H539";"B832"
"177";"P:\PA.1x1\1x1-C02\e621.net - 3528996 - pokemon ~ sunshine_light+lugia (thevale).jpg";"HBEAR";"0,79";"926";"488";"158";"161";"SHLD";"0,88";"1007";"599";"156";"207";"A:\BC\XXX\e621.net-3528996#.jpg";"H406";"B921"
"178";"P:\PA.1x1\1x1-C02\e621.net - 3528996 - pokemon ~ sunshine_light+lugia (thevale).jpg";"HFOX";"0,92";"525";"332";"185";"191";"SUPPR";"0";"0";"0";"0";"0";"A:\BC\XXX\e621.net-3528996#.jpg";"H384";"none"
"179";"P:\PA.1x1\1x1-C02\e621.net - 3528996 - pokemon ~ sunshine_light+lugia (thevale).jpg";"shld";"0,88";"318";"1100";"130";"180";"none";"0";"0";"0";"0";"0";"A:\BC\XXX\e621.net-3528996#.jpg";"B182";"none"
"180";"P:\PA.1x1\1x1-C02\e621.net - 3528996 - pokemon ~ sunshine_light+lugia (thevale).jpg";"SHLD";"0,88";"1007";"599";"156";"207";"ASS";"0,93";"785";"901";"241";"240";"A:\BC\XXX\e621.net-3528996#.jpg";"B921";"S480"
"181";"P:\PA.1x1\1x1-C02\e621.net - 3528996 - pokemon ~ sunshine_light+lugia (thevale).jpg";"boob";"0,93";"401";"124";"188";"130";"belly";"0,73";"325";"349";"212";"213";"A:\BC\XXX\e621.net-3528996#.jpg";"B832";"S426"
"182";"P:\PA.1x1\1x1-C02\e621.net - 3528996 - pokemon ~ sunshine_light+lugia (thevale).jpg";"BUST";"0,93";"429";"512";"261";"191";"SUPPR";"0";"0";"0";"0";"0";"A:\BC\XXX\e621.net-3528996#.jpg";"B724";"none"
"183";"P:\PA.1x1\1x1-C02\e621.net - 3528996 - pokemon ~ sunshine_light+lugia (thevale).jpg";"boob";"0,94";"431";"514";"259";"189";"belly";"0,63";"595";"779";"209";"210";"A:\BC\XXX\e621.net-3528996#.jpg";"B697";"S280"
"184";"P:\PA.1x1\1x1-C02\e621.net - 3528996 - pokemon ~ sunshine_light+lugia (thevale).jpg";"sideb";"0,86";"1005";"597";"151";"201";"suppr";"0";"0";"0";"0";"0";"A:\BC\XXX\e621.net-3528996#.jpg";"B574";"none"
"185";"P:\PA.1x1\1x1-C02\e621.net - 3528996 - pokemon ~ sunshine_light+lugia (thevale).jpg";"SHLD";"0,69";"320";"1096";"129";"184";"SUPPR";"0";"0";"0";"0";"0";"A:\BC\XXX\e621.net-3528996#.jpg";"B503";"none"
"186";"P:\PA.1x1\1x1-C02\e621.net - 3528996 - pokemon ~ sunshine_light+lugia (thevale).jpg";"BUST";"0,92";"401";"123";"190";"133";"SUPPR";"0";"0";"0";"0";"0";"A:\BC\XXX\e621.net-3528996#.jpg";"B453";"none"
"187";"P:\PA.1x1\1x1-C02\e621.net - 3528996 - pokemon ~ sunshine_light+lugia (thevale).jpg";"pns";"0,65";"275";"452";"72";"75";"none";"0";"0";"0";"0";"0";"A:\BC\XXX\e621.net-3528996#.jpg";"P218";"none"
"188";"P:\PA.1x1\1x1-C02\e621.net - 3528996 - pokemon ~ sunshine_light+lugia (thevale).jpg";"ptr";"0,78";"924";"944";"125";"101";"none";"0";"0";"0";"0";"0";"A:\BC\XXX\e621.net-3528996#.jpg";"X670";"none"
"189";"P:\PA.1x1\1x1-C02\e621.net - 3528996 - pokemon ~ sunshine_light+lugia (thevale).jpg";"ptr";"0,45";"418";"411";"84";"95";"none";"0";"0";"0";"0";"0";"A:\BC\XXX\e621.net-3528996#.jpg";"X622";"none"
"190";"P:\PA.1x1\1x1-C02\e621.net - 3528996 - pokemon ~ sunshine_light+lugia (thevale).jpg";"spr";"0,4";"833";"395";"60";"67";"none";"0";"0";"0";"0";"0";"A:\BC\XXX\e621.net-3528996#.jpg";"V490";"none"
"191";"P:\PA.1x1\1x1-C02\e621.net - 3528996 - pokemon ~ sunshine_light+lugia (thevale).jpg";"SPLIT";"0,87";"189";"692";"404";"319";"NONE";"0";"0";"0";"0";"0";"A:\BC\XXX\e621.net-3528996#.jpg";"S880";"none"
"192";"P:\PA.1x1\1x1-C02\e621.net - 3528996 - pokemon ~ sunshine_light+lugia (thevale).jpg";"jackx";"0,89";"715";"324";"294";"208";"suppr";"0";"0";"0";"0";"0";"A:\BC\XXX\e621.net-3528996#.jpg";"S581";"none"
"193";"P:\PA.1x1\1x1-C02\e621.net - 3528996 - pokemon ~ sunshine_light+lugia (thevale).jpg";"butt";"0,69";"0";"1205";"285";"75";"none";"0";"0";"0";"0";"0";"A:\BC\XXX\e621.net-3528996#.jpg";"S565";"none"
"194";"P:\PA.1x1\1x1-C02\e621.net - 3528996 - pokemon ~ sunshine_light+lugia (thevale).jpg";"BUTT";"0,4";"0";"1207";"313";"73";"SUPPR";"0";"0";"0";"0";"0";"A:\BC\XXX\e621.net-3528996#.jpg";"S494";"none"
"195";"P:\PA.1x1\1x1-C02\e621.net - 3528996 - pokemon ~ sunshine_light+lugia (thevale).jpg";"split";"0,82";"188";"691";"410";"316";"suppr";"0";"0";"0";"0";"0";"A:\BC\XXX\e621.net-3528996#.jpg";"S311";"none"
"196";"P:\PA.1x1\1x1-C02\e621.net - 3528996 - pokemon ~ sunshine_light+lugia (thevale).jpg";"JACKX";"0,91";"716";"319";"290";"210";"NONE";"0";"0";"0";"0";"0";"A:\BC\XXX\e621.net-3528996#.jpg";"S310";"none"
"197";"P:\PA.1x1\1x1-C02\e621.net - 3528996 - pokemon ~ sunshine_light+lugia (thevale).jpg";"BUTT";"0,86";"792";"901";"233";"233";"SUPPR";"0";"0";"0";"0";"0";"A:\BC\XXX\e621.net-3528996#.jpg";"S101";"none"
"198";"P:\PA.1x1\1x1-C02\e621.net - 3528996 - pokemon ~ sunshine_light+lugia (thevale).jpg";"hjb";"0,42";"396";"769";"158";"116";"none";"0";"0";"0";"0";"0";"A:\BC\XXX\e621.net-3528996#.jpg";"P676";"none"
"199";"P:\PA.1x1\1x1-C02\e621.net - 3528996 - pokemon ~ sunshine_light+lugia (thevale).jpg";"ora";"0,87";"13";"102";"126";"153";"none";"0";"0";"0";"0";"0";"A:\BC\XXX\e621.net-3528996#.jpg";"P497";"none"
"200";"P:\PA.1x1\1x1-E18\e621.net - 3528703 - mythology ~ unknown (semiitu).jpg";"head";"0,9";"269";"78";"312";"341";"suppr";"0";"0";"0";"0";"0";"A:\BC\XXX\e621.net-3528703#.jpg";"H900";"none"
"201";"P:\PA.1x1\1x1-E18\e621.net - 3528703 - mythology ~ unknown (semiitu).jpg";"HEAD";"0,91";"268";"81";"311";"337";"BUST";"0,93";"276";"407";"274";"175";"A:\BC\XXX\e621.net-3528703#.jpg";"H907";"B444"
"202";"P:\PA.1x1\1x1-E18\e621.net - 3528703 - mythology ~ unknown (semiitu).jpg";"boob";"0,91";"279";"405";"265";"177";"suppr";"0";"0";"0";"0";"0";"A:\BC\XXX\e621.net-3528703#.jpg";"B257";"none"
"203";"P:\PA.1x1\1x1-E34\e621.net - 3528862 - foxtrot_(glacierclear) ~ blue_moon_(glacierclear)+mod_(glacierclear) (glacierclear).jpg";"HCAT";"0,74";"1017";"106";"593";"655";"NONE";"0";"0";"0";"0";"0";"A:\BC\XXX\e621.net-3528862#.jpg";"H128";"none"
"204";"P:\PA.1x1\1x1-E34\e621.net - 3528862 - foxtrot_(glacierclear) ~ blue_moon_(glacierclear)+mod_(glacierclear) (glacierclear).jpg";"HEAD";"0,7";"1268";"626";"367";"348";"boob";"0,87";"839";"818";"397";"229";"A:\BC\XXX\e621.net-3528862#.jpg";"H778";"B127"
"205";"P:\PA.1x1\1x1-E34\e621.net - 3528862 - foxtrot_(glacierclear) ~ blue_moon_(glacierclear)+mod_(glacierclear) (glacierclear).jpg";"hcat";"0,64";"1017";"105";"604";"706";"suppr";"0";"0";"0";"0";"0";"A:\BC\XXX\e621.net-3528862#.jpg";"H605";"none"
"206";"P:\PA.1x1\1x1-E34\e621.net - 3528862 - foxtrot_(glacierclear) ~ blue_moon_(glacierclear)+mod_(glacierclear) (glacierclear).jpg";"head";"0,5";"1270";"616";"361";"356";"suppr";"0";"0";"0";"0";"0";"A:\BC\XXX\e621.net-3528862#.jpg";"H494";"none"
"207";"P:\PA.1x1\1x1-E34\e621.net - 3528862 - foxtrot_(glacierclear) ~ blue_moon_(glacierclear)+mod_(glacierclear) (glacierclear).jpg";"boob";"0,87";"839";"818";"397";"229";"sprd";"0,9";"372";"955";"799";"599";"A:\BC\XXX\e621.net-3528862#.jpg";"B127";"S451"
"208";"P:\PA.1x1\1x1-E34\e621.net - 3528862 - foxtrot_(glacierclear) ~ blue_moon_(glacierclear)+mod_(glacierclear) (glacierclear).jpg";"BUST";"0,84";"844";"805";"389";"249";"SUPPR";"0";"0";"0";"0";"0";"A:\BC\XXX\e621.net-3528862#.jpg";"B704";"none"
"209";"P:\PA.1x1\1x1-E34\e621.net - 3528862 - foxtrot_(glacierclear) ~ blue_moon_(glacierclear)+mod_(glacierclear) (glacierclear).jpg";"SPLIT";"0,88";"349";"944";"802";"603";"SUPPR";"0";"0";"0";"0";"0";"A:\BC\XXX\e621.net-3528862#.jpg";"S896";"none"
"210";"P:\PA.1x1\1x1-E34\e621.net - 3528862 - foxtrot_(glacierclear) ~ blue_moon_(glacierclear)+mod_(glacierclear) (glacierclear).jpg";"ptr";"0,91";"578";"1213";"318";"699";"none";"0";"0";"0";"0";"0";"A:\BC\XXX\e621.net-3528862#.jpg";"X524";"none"
"211";"P:\PA.1x1\1x1-E34\e621.net - 3528862 - foxtrot_(glacierclear) ~ blue_moon_(glacierclear)+mod_(glacierclear) (glacierclear).jpg";"fng";"0,84";"564";"937";"374";"369";"none";"0";"0";"0";"0";"0";"A:\BC\XXX\e621.net-3528862#.jpg";"V473";"none"
"212";"P:\PA.2x3\2x3-A01\e621.net - 3528984 - pokemon ~ sunshine_light+lugia (hardyboy).jpg";"HEAD";"0,46";"190";"816";"340";"332";"BUST";"0,57";"138";"425";"330";"283";"A:\BC\XXX\e621.net-3528984#.jpg";"H480";"B298"
"213";"P:\PA.2x3\2x3-A01\e621.net - 3528984 - pokemon ~ sunshine_light+lugia (hardyboy).jpg";"hdrago";"0,54";"535";"0";"262";"353";"suppr";"0";"0";"0";"0";"0";"A:\BC\XXX\e621.net-3528984#.jpg";"H737";"none"
"214";"P:\PA.2x3\2x3-A01\e621.net - 3528984 - pokemon ~ sunshine_light+lugia (hardyboy).jpg";"HDRAGO";"0,86";"530";"0";"267";"353";"NONE";"0";"0";"0";"0";"0";"A:\BC\XXX\e621.net-3528984#.jpg";"H722";"none"
"215";"P:\PA.2x3\2x3-A01\e621.net - 3528984 - pokemon ~ sunshine_light+lugia (hardyboy).jpg";"head";"0,41";"193";"807";"337";"354";"suppr";"0";"0";"0";"0";"0";"A:\BC\XXX\e621.net-3528984#.jpg";"H664";"none"
"216";"P:\PA.2x3\2x3-A01\e621.net - 3528984 - pokemon ~ sunshine_light+lugia (hardyboy).jpg";"pns";"0,86";"0";"362";"273";"181";"none";"0";"0";"0";"0";"0";"A:\BC\XXX\e621.net-3528984#.jpg";"P527";"none"
"217";"P:\PA.2x3\2x3-A01\e621.net - 3528984 - pokemon ~ sunshine_light+lugia (hardyboy).jpg";"hjb";"0,93";"368";"736";"233";"294";"none";"0";"0";"0";"0";"0";"A:\BC\XXX\e621.net-3528984#.jpg";"P556";"none"
"218";"P:\PA.2x3\2x3-A01\e621.net - 3528984 - pokemon ~ sunshine_light+lugia (hardyboy).jpg";"pns";"0,88";"168";"717";"134";"231";"none";"0";"0";"0";"0";"0";"A:\BC\XXX\e621.net-3528984#.jpg";"P546";"none"
"219";"P:\PA.2x3\2x3-C00\e621.net - 3528971 - ricochetcoyote ~ tamara_fox (twinkle-sez).jpg";"hfox";"0,64";"582";"740";"268";"308";"suppr";"0";"0";"0";"0";"0";"A:\BC\XXX\e621.net-3528971#.jpg";"H263";"none"
"220";"P:\PA.2x3\2x3-C00\e621.net - 3528971 - ricochetcoyote ~ tamara_fox (twinkle-sez).jpg";"HFOX";"0,66";"582";"748";"266";"299";"BUST";"0,9";"484";"1051";"364";"257";"A:\BC\XXX\e621.net-3528971#.jpg";"H720";"B757"
"221";"P:\PA.2x3\2x3-C00\e621.net - 3528971 - ricochetcoyote ~ tamara_fox (twinkle-sez).jpg";"hfox";"0,87";"357";"654";"292";"372";"suppr";"0";"0";"0";"0";"0";"A:\BC\XXX\e621.net-3528971#.jpg";"H606";"none"
"222";"P:\PA.2x3\2x3-C00\e621.net - 3528971 - ricochetcoyote ~ tamara_fox (twinkle-sez).jpg";"HFOX";"0,89";"803";"617";"291";"364";"SUPPR";"0";"0";"0";"0";"0";"A:\BC\XXX\e621.net-3528971#.jpg";"H549";"none"
"223";"P:\PA.2x3\2x3-C00\e621.net - 3528971 - ricochetcoyote ~ tamara_fox (twinkle-sez).jpg";"HFOX";"0,9";"355";"654";"298";"379";"BUST";"0,47";"260";"966";"280";"307";"A:\BC\XXX\e621.net-3528971#.jpg";"H524";"B604"
"224";"P:\PA.2x3\2x3-C00\e621.net - 3528971 - ricochetcoyote ~ tamara_fox (twinkle-sez).jpg";"hfox";"0,89";"799";"618";"290";"358";"BUST";"0,88";"835";"911";"345";"256";"A:\BC\XXX\e621.net-3528971#.jpg";"H453";"B325"
"225";"P:\PA.2x3\2x3-C00\e621.net - 3528971 - ricochetcoyote ~ tamara_fox (twinkle-sez).jpg";"BUST";"0,88";"835";"911";"345";"256";"BELLY";"0,66";"856";"1371";"426";"480";"A:\BC\XXX\e621.net-3528971#.jpg";"B325";"S181"
"226";"P:\PA.2x3\2x3-C00\e621.net - 3528971 - ricochetcoyote ~ tamara_fox (twinkle-sez).jpg";"SHLD";"0,65";"137";"864";"289";"411";"NONE";"0";"0";"0";"0";"0";"A:\BC\XXX\e621.net-3528971#.jpg";"B865";"none"
"227";"P:\PA.2x3\2x3-C00\e621.net - 3528971 - ricochetcoyote ~ tamara_fox (twinkle-sez).jpg";"BUST";"0,9";"484";"1051";"364";"257";"BELLY";"0,89";"399";"1370";"496";"424";"A:\BC\XXX\e621.net-3528971#.jpg";"B757";"S634"
"228";"P:\PA.2x3\2x3-C00\e621.net - 3528971 - ricochetcoyote ~ tamara_fox (twinkle-sez).jpg";"bust";"0,88";"833";"915";"350";"255";"suppr";"0";"0";"0";"0";"0";"A:\BC\XXX\e621.net-3528971#.jpg";"B630";"none"
"229";"P:\PA.2x3\2x3-C00\e621.net - 3528971 - ricochetcoyote ~ tamara_fox (twinkle-sez).jpg";"BUST";"0,47";"260";"966";"280";"307";"BELLY";"0,85";"2";"1351";"419";"439";"A:\BC\XXX\e621.net-3528971#.jpg";"B604";"S224"
"230";"P:\PA.2x3\2x3-C00\e621.net - 3528971 - ricochetcoyote ~ tamara_fox (twinkle-sez).jpg";"boob";"0,87";"479";"1051";"371";"256";"suppr";"0";"0";"0";"0";"0";"A:\BC\XXX\e621.net-3528971#.jpg";"B424";"none"
"231";"P:\PA.2x3\2x3-C00\e621.net - 3528971 - ricochetcoyote ~ tamara_fox (twinkle-sez).jpg";"pns";"0,6";"98";"1529";"131";"255";"none";"0";"0";"0";"0";"0";"A:\BC\XXX\e621.net-3528971#.jpg";"P795";"none"
"232";"P:\PA.2x3\2x3-C00\e621.net - 3528971 - ricochetcoyote ~ tamara_fox (twinkle-sez).jpg";"fng";"0,78";"447";"1404";"271";"264";"none";"0";"0";"0";"0";"0";"A:\BC\XXX\e621.net-3528971#.jpg";"V816";"none"
"233";"P:\PA.2x3\2x3-C00\e621.net - 3528971 - ricochetcoyote ~ tamara_fox (twinkle-sez).jpg";"belly";"0,41";"863";"1393";"422";"451";"suppr";"0";"0";"0";"0";"0";"A:\BC\XXX\e621.net-3528971#.jpg";"S695";"none"
"234";"P:\PA.2x3\2x3-C00\e621.net - 3528971 - ricochetcoyote ~ tamara_fox (twinkle-sez).jpg";"belly";"0,87";"402";"1376";"495";"427";"suppr";"0";"0";"0";"0";"0";"A:\BC\XXX\e621.net-3528971#.jpg";"S406";"none"
"235";"P:\PA.2x3\2x3-C00\e621.net - 3528971 - ricochetcoyote ~ tamara_fox (twinkle-sez).jpg";"belly";"0,72";"3";"1368";"410";"425";"suppr";"0";"0";"0";"0";"0";"A:\BC\XXX\e621.net-3528971#.jpg";"S308";"none"
"236";"P:\PA.2x3\2x3-E05\e621.net - 3528979 - pokemon ~ sunshine_light+lugia (hardyboy).jpg";"HDRAGO";"0,88";"529";"0";"268";"353";"NONE";"0";"0";"0";"0";"0";"A:\BC\XXX\e621.net-3528979#.jpg";"H241";"none"
"237";"P:\PA.2x3\2x3-E05\e621.net - 3528979 - pokemon ~ sunshine_light+lugia (hardyboy).jpg";"HEAD";"0,59";"190";"803";"340";"337";"BUST";"0,88";"137";"439";"321";"246";"A:\BC\XXX\e621.net-3528979#.jpg";"H631";"B839"
"238";"P:\PA.2x3\2x3-E05\e621.net - 3528979 - pokemon ~ sunshine_light+lugia (hardyboy).jpg";"hdrago";"0,64";"534";"0";"263";"355";"suppr";"0";"0";"0";"0";"0";"A:\BC\XXX\e621.net-3528979#.jpg";"H251";"none"
"239";"P:\PA.2x3\2x3-E05\e621.net - 3528979 - pokemon ~ sunshine_light+lugia (hardyboy).jpg";"bust";"0,84";"141";"446";"318";"236";"suppr";"0";"0";"0";"0";"0";"A:\BC\XXX\e621.net-3528979#.jpg";"B177";"none"
"240";"P:\PA.2x3\2x3-E05\e621.net - 3528979 - pokemon ~ sunshine_light+lugia (hardyboy).jpg";"hjb";"0,93";"373";"739";"228";"292";"none";"0";"0";"0";"0";"0";"A:\BC\XXX\e621.net-3528979#.jpg";"P310";"none"
"241";"P:\PA.2x3\2x3-E05\e621.net - 3528979 - pokemon ~ sunshine_light+lugia (hardyboy).jpg";"pns";"0,66";"0";"361";"277";"180";"none";"0";"0";"0";"0";"0";"A:\BC\XXX\e621.net-3528979#.jpg";"P883";"none"
"242";"P:\PA.2x3\2x3-E05\e621.net - 3528979 - pokemon ~ sunshine_light+lugia (hardyboy).jpg";"pns";"0,89";"167";"722";"134";"224";"none";"0";"0";"0";"0";"0";"A:\BC\XXX\e621.net-3528979#.jpg";"P820";"none"
"243";"P:\PA.2x3\2x3-E07\e621.net - 3528611 - dustin_(zeromccall) ~ dustin_(zeromccall) (zeromccall).jpg";"HRABB";"0,93";"242";"172";"761";"685";"BUST";"0,6";"326";"790";"388";"208";"A:\BC\XXX\e621.net-3528611#.jpg";"H574";"B669"
"244";"P:\PA.2x3\2x3-E07\e621.net - 3528611 - dustin_(zeromccall) ~ dustin_(zeromccall) (zeromccall).jpg";"hrabb";"0,9";"235";"179";"756";"670";"suppr";"0";"0";"0";"0";"0";"A:\BC\XXX\e621.net-3528611#.jpg";"H895";"none"
"245";"P:\PA.2x3\2x3-E07\e621.net - 3528611 - dustin_(zeromccall) ~ dustin_(zeromccall) (zeromccall).jpg";"bust";"0,56";"328";"792";"368";"200";"suppr";"0";"0";"0";"0";"0";"A:\BC\XXX\e621.net-3528611#.jpg";"B213";"none"
"246";"P:\PA.3x2\3x2-A09\e621.net - 3528954 - pokemon ~ sunshine_light+lugia (hardyboy).jpg";"pns";"0,59";"347";"262";"146";"121";"none";"0";"0";"0";"0";"0";"A:\BC\XXX\e621.net-3528954#.jpg";"P583";"none"
"247";"P:\PA.3x2\3x2-A09\e621.net - 3528954 - pokemon ~ sunshine_light+lugia (hardyboy).jpg";"ptr";"0,87";"207";"105";"189";"153";"none";"0";"0";"0";"0";"0";"A:\BC\XXX\e621.net-3528954#.jpg";"X919";"none"
"248";"P:\PA.3x2\3x2-A09\e621.net - 3528954 - pokemon ~ sunshine_light+lugia (hardyboy).jpg";"BUTT";"0,79";"240";"89";"399";"329";"SUPPR";"0";"0";"0";"0";"0";"A:\BC\XXX\e621.net-3528954#.jpg";"S517";"none"
"249";"P:\PA.3x2\3x2-A09\e621.net - 3528954 - pokemon ~ sunshine_light+lugia (hardyboy).jpg";"ass";"0,89";"242";"96";"404";"341";"none";"0";"0";"0";"0";"0";"A:\BC\XXX\e621.net-3528954#.jpg";"S229";"none"
"250";"P:\PA.3x2\3x2-A11\e621.net - 3528943 - pokemon ~ sunshine_light+lugia (hardyboy).jpg";"hrabb";"0,7";"38";"26";"220";"323";"SHLD";"0,8";"174";"178";"196";"324";"A:\BC\XXX\e621.net-3528943#.jpg";"H628";"B441"
"251";"P:\PA.3x2\3x2-A11\e621.net - 3528943 - pokemon ~ sunshine_light+lugia (hardyboy).jpg";"SHLD";"0,8";"174";"178";"196";"324";"BUTT";"0,91";"388";"126";"549";"470";"A:\BC\XXX\e621.net-3528943#.jpg";"B441";"S320"
"252";"P:\PA.3x2\3x2-A11\e621.net - 3528943 - pokemon ~ sunshine_light+lugia (hardyboy).jpg";"shld";"0,75";"183";"178";"200";"319";"suppr";"0";"0";"0";"0";"0";"A:\BC\XXX\e621.net-3528943#.jpg";"B680";"none"
"253";"P:\PA.3x2\3x2-A11\e621.net - 3528943 - pokemon ~ sunshine_light+lugia (hardyboy).jpg";"ora";"0,85";"62";"215";"154";"349";"none";"0";"0";"0";"0";"0";"A:\BC\XXX\e621.net-3528943#.jpg";"P935";"none"
"254";"P:\PA.3x2\3x2-A11\e621.net - 3528943 - pokemon ~ sunshine_light+lugia (hardyboy).jpg";"fng";"0,71";"584";"78";"239";"253";"none";"0";"0";"0";"0";"0";"A:\BC\XXX\e621.net-3528943#.jpg";"V697";"none"
"255";"P:\PA.3x2\3x2-A11\e621.net - 3528943 - pokemon ~ sunshine_light+lugia (hardyboy).jpg";"butt";"0,87";"391";"125";"548";"471";"suppr";"0";"0";"0";"0";"0";"A:\BC\XXX\e621.net-3528943#.jpg";"S774";"none"
"256";"P:\PA.3x2\3x2-B04\e621.net - 3528969 - sonic_(series) ~ miles_prower+rouge_the_bat (dreamcastzx1).jpg";"HCAT";"0,95";"164";"58";"572";"479";"SUPPR";"0";"0";"0";"0";"0";"A:\BC\XXX\e621.net-3528969#.jpg";"H167";"none"
"257";"P:\PA.3x2\3x2-B04\e621.net - 3528969 - sonic_(series) ~ miles_prower+rouge_the_bat (dreamcastzx1).jpg";"HFOX";"0,92";"874";"4";"383";"418";"SUPPR";"0";"0";"0";"0";"0";"A:\BC\XXX\e621.net-3528969#.jpg";"H927";"none"
"258";"P:\PA.3x2\3x2-B04\e621.net - 3528969 - sonic_(series) ~ miles_prower+rouge_the_bat (dreamcastzx1).jpg";"hcat";"0,93";"874";"5";"383";"417";"WING";"0,86";"537";"295";"217";"290";"A:\BC\XXX\e621.net-3528969#.jpg";"H773";"B291"
"259";"P:\PA.3x2\3x2-B04\e621.net - 3528969 - sonic_(series) ~ miles_prower+rouge_the_bat (dreamcastzx1).jpg";"hcat";"0,96";"163";"58";"573";"479";"sideb";"0,95";"278";"474";"272";"321";"A:\BC\XXX\e621.net-3528969#.jpg";"H706";"B770"
"260";"P:\PA.3x2\3x2-B04\e621.net - 3528969 - sonic_(series) ~ miles_prower+rouge_the_bat (dreamcastzx1).jpg";"wing";"0,85";"535";"291";"214";"287";"suppr";"0";"0";"0";"0";"0";"A:\BC\XXX\e621.net-3528969#.jpg";"B717";"none"
"261";"P:\PA.3x2\3x2-B04\e621.net - 3528969 - sonic_(series) ~ miles_prower+rouge_the_bat (dreamcastzx1).jpg";"sideb";"0,95";"278";"474";"272";"321";"ass";"0,86";"586";"491";"319";"361";"A:\BC\XXX\e621.net-3528969#.jpg";"B770";"S529"
"262";"P:\PA.3x2\3x2-B04\e621.net - 3528969 - sonic_(series) ~ miles_prower+rouge_the_bat (dreamcastzx1).jpg";"BUST";"0,57";"278";"493";"273";"300";"SUPPR";"0";"0";"0";"0";"0";"A:\BC\XXX\e621.net-3528969#.jpg";"B756";"none"
"263";"P:\PA.3x2\3x2-B04\e621.net - 3528969 - sonic_(series) ~ miles_prower+rouge_the_bat (dreamcastzx1).jpg";"ptr";"0,82";"868";"590";"133";"138";"none";"0";"0";"0";"0";"0";"A:\BC\XXX\e621.net-3528969#.jpg";"X679";"none"
"264";"P:\PA.3x2\3x2-C07\e621.net - 3528612 - dustin_(zeromccall) ~ dustin_(zeromccall) (zeromccall).jpg";"hrabb";"0,93";"994";"129";"385";"527";"shld";"0,61";"1237";"636";"196";"265";"A:\BC\XXX\e621.net-3528612#.jpg";"H189";"B696"
"265";"P:\PA.3x2\3x2-C07\e621.net - 3528612 - dustin_(zeromccall) ~ dustin_(zeromccall) (zeromccall).jpg";"HRABB";"0,93";"1686";"130";"395";"476";"SUPPR";"0";"0";"0";"0";"0";"A:\BC\XXX\e621.net-3528612#.jpg";"H836";"none"
"266";"P:\PA.3x2\3x2-C07\e621.net - 3528612 - dustin_(zeromccall) ~ dustin_(zeromccall) (zeromccall).jpg";"hrabb";"0,94";"187";"149";"390";"464";"BUST";"0,92";"214";"630";"350";"236";"A:\BC\XXX\e621.net-3528612#.jpg";"H782";"B896"
"267";"P:\PA.3x2\3x2-C07\e621.net - 3528612 - dustin_(zeromccall) ~ dustin_(zeromccall) (zeromccall).jpg";"HRABB";"0,91";"995";"126";"390";"524";"SUPPR";"0";"0";"0";"0";"0";"A:\BC\XXX\e621.net-3528612#.jpg";"H554";"none"
"268";"P:\PA.3x2\3x2-C07\e621.net - 3528612 - dustin_(zeromccall) ~ dustin_(zeromccall) (zeromccall).jpg";"hrabb";"0,95";"1687";"133";"393";"471";"bust";"0,92";"1727";"612";"348";"239";"A:\BC\XXX\e621.net-3528612#.jpg";"H458";"B629"
"269";"P:\PA.3x2\3x2-C07\e621.net - 3528612 - dustin_(zeromccall) ~ dustin_(zeromccall) (zeromccall).jpg";"HRABB";"0,94";"187";"146";"390";"473";"SUPPR";"0";"0";"0";"0";"0";"A:\BC\XXX\e621.net-3528612#.jpg";"H450";"none"
"270";"P:\PA.3x2\3x2-C07\e621.net - 3528612 - dustin_(zeromccall) ~ dustin_(zeromccall) (zeromccall).jpg";"SHLD";"0,51";"1235";"631";"193";"280";"SUPPR";"0";"0";"0";"0";"0";"A:\BC\XXX\e621.net-3528612#.jpg";"B216";"none"
"271";"P:\PA.3x2\3x2-C07\e621.net - 3528612 - dustin_(zeromccall) ~ dustin_(zeromccall) (zeromccall).jpg";"boob";"0,87";"217";"626";"345";"242";"suppr";"0";"0";"0";"0";"0";"A:\BC\XXX\e621.net-3528612#.jpg";"B909";"none"
"272";"P:\PA.3x2\3x2-C07\e621.net - 3528612 - dustin_(zeromccall) ~ dustin_(zeromccall) (zeromccall).jpg";"BUST";"0,92";"214";"630";"350";"236";"NOPAN";"0,9";"227";"940";"572";"415";"A:\BC\XXX\e621.net-3528612#.jpg";"B896";"S822"
"273";"P:\PA.3x2\3x2-C07\e621.net - 3528612 - dustin_(zeromccall) ~ dustin_(zeromccall) (zeromccall).jpg";"BUST";"0,9";"1725";"618";"352";"233";"SUPPR";"0";"0";"0";"0";"0";"A:\BC\XXX\e621.net-3528612#.jpg";"B866";"none"
"274";"P:\PA.3x2\3x2-C07\e621.net - 3528612 - dustin_(zeromccall) ~ dustin_(zeromccall) (zeromccall).jpg";"shld";"0,61";"1237";"636";"196";"265";"ass";"0,94";"901";"929";"665";"538";"A:\BC\XXX\e621.net-3528612#.jpg";"B696";"S894"
"275";"P:\PA.3x2\3x2-C07\e621.net - 3528612 - dustin_(zeromccall) ~ dustin_(zeromccall) (zeromccall).jpg";"bust";"0,92";"1727";"612";"348";"239";"belly";"0,92";"1719";"935";"577";"485";"A:\BC\XXX\e621.net-3528612#.jpg";"B629";"S789"
"276";"P:\PA.3x2\3x2-C07\e621.net - 3528612 - dustin_(zeromccall) ~ dustin_(zeromccall) (zeromccall).jpg";"BUTT";"0,89";"899";"935";"658";"511";"SUPPR";"0";"0";"0";"0";"0";"A:\BC\XXX\e621.net-3528612#.jpg";"S335";"none"
"277";"P:\PA.3x2\3x2-C07\e621.net - 3528612 - dustin_(zeromccall) ~ dustin_(zeromccall) (zeromccall).jpg";"BELLY";"0,92";"1720";"935";"572";"474";"SUPPR";"0";"0";"0";"0";"0";"A:\BC\XXX\e621.net-3528612#.jpg";"S647";"none"
"278";"P:\PA.3x2\3x2-C07\e621.net - 3528612 - dustin_(zeromccall) ~ dustin_(zeromccall) (zeromccall).jpg";"BELLY";"0,9";"230";"940";"572";"436";"SUPPR";"0";"0";"0";"0";"0";"A:\BC\XXX\e621.net-3528612#.jpg";"S432";"none"
"279";"P:\PA.3x2\3x2-C07\e621.net - 3528811 - dungeons_and_dragons ~ dragonborn_(dnd) (bluecoffeedog).jpg";"HEAD";"0,9";"1093";"371";"188";"171";"SUPPR";"0";"0";"0";"0";"0";"A:\BC\XXX\e621.net-3528811#.jpg";"H129";"none"
"280";"P:\PA.3x2\3x2-C07\e621.net - 3528811 - dungeons_and_dragons ~ dragonborn_(dnd) (bluecoffeedog).jpg";"HDRAGO";"0,88";"747";"142";"249";"328";"shld";"0,59";"577";"218";"240";"346";"A:\BC\XXX\e621.net-3528811#.jpg";"H885";"B326"
"281";"P:\PA.3x2\3x2-C07\e621.net - 3528811 - dungeons_and_dragons ~ dragonborn_(dnd) (bluecoffeedog).jpg";"HEAD";"0,81";"893";"664";"174";"163";"boob";"0,82";"769";"736";"122";"144";"A:\BC\XXX\e621.net-3528811#.jpg";"H884";"B787"
"282";"P:\PA.3x2\3x2-C07\e621.net - 3528811 - dungeons_and_dragons ~ dragonborn_(dnd) (bluecoffeedog).jpg";"head";"0,93";"1092";"371";"190";"172";"BUST";"0,93";"1114";"544";"170";"128";"A:\BC\XXX\e621.net-3528811#.jpg";"H800";"B905"
"283";"P:\PA.3x2\3x2-C07\e621.net - 3528811 - dungeons_and_dragons ~ dragonborn_(dnd) (bluecoffeedog).jpg";"hdrago";"0,84";"743";"144";"259";"330";"suppr";"0";"0";"0";"0";"0";"A:\BC\XXX\e621.net-3528811#.jpg";"H603";"none"
"284";"P:\PA.3x2\3x2-C07\e621.net - 3528811 - dungeons_and_dragons ~ dragonborn_(dnd) (bluecoffeedog).jpg";"boob";"0,93";"1116";"545";"166";"126";"suppr";"0";"0";"0";"0";"0";"A:\BC\XXX\e621.net-3528811#.jpg";"B145";"none"
"285";"P:\PA.3x2\3x2-C07\e621.net - 3528811 - dungeons_and_dragons ~ dragonborn_(dnd) (bluecoffeedog).jpg";"BUST";"0,93";"1114";"544";"170";"128";"NOPAN";"0,9";"1195";"672";"202";"165";"A:\BC\XXX\e621.net-3528811#.jpg";"B905";"S730"
"286";"P:\PA.3x2\3x2-C07\e621.net - 3528811 - dungeons_and_dragons ~ dragonborn_(dnd) (bluecoffeedog).jpg";"boob";"0,82";"769";"736";"122";"144";"belly";"0,62";"500";"692";"226";"237";"A:\BC\XXX\e621.net-3528811#.jpg";"B787";"S409"
"287";"P:\PA.3x2\3x2-C07\e621.net - 3528811 - dungeons_and_dragons ~ dragonborn_(dnd) (bluecoffeedog).jpg";"BUST";"0,48";"729";"735";"153";"150";"SUPPR";"0";"0";"0";"0";"0";"A:\BC\XXX\e621.net-3528811#.jpg";"B709";"none"
"288";"P:\PA.3x2\3x2-C07\e621.net - 3528811 - dungeons_and_dragons ~ dragonborn_(dnd) (bluecoffeedog).jpg";"shld";"0,59";"577";"218";"240";"346";"nopan";"0,64";"183";"593";"361";"361";"A:\BC\XXX\e621.net-3528811#.jpg";"B326";"S682"
"289";"P:\PA.3x2\3x2-C07\e621.net - 3528811 - dungeons_and_dragons ~ dragonborn_(dnd) (bluecoffeedog).jpg";"FERAL";"0,68";"190";"346";"629";"600";"NONE";"0";"0";"0";"0";"0";"A:\BC\XXX\e621.net-3528811#.jpg";"B205";"none"
"290";"P:\PA.3x2\3x2-C07\e621.net - 3528811 - dungeons_and_dragons ~ dragonborn_(dnd) (bluecoffeedog).jpg";"BELLY";"0,9";"1195";"670";"208";"174";"SUPPR";"0";"0";"0";"0";"0";"A:\BC\XXX\e621.net-3528811#.jpg";"S831";"none"
"291";"P:\PA.3x2\3x2-C07\e621.net - 3528811 - dungeons_and_dragons ~ dragonborn_(dnd) (bluecoffeedog).jpg";"ptr";"0,82";"418";"699";"166";"125";"none";"0";"0";"0";"0";"0";"A:\BC\XXX\e621.net-3528811#.jpg";"X733";"none"
"292";"P:\PA.3x2\3x2-C08\e621.net - 3528608 - duncan_(zeromccall) ~ duncan_(zeromccall) (zeromccall).jpg";"hbear";"0,45";"1939";"0";"549";"434";"none";"0";"0";"0";"0";"0";"A:\BC\XXX\e621.net-3528608#.jpg";"H175";"none"
"293";"P:\PA.3x2\3x2-C08\e621.net - 3528608 - duncan_(zeromccall) ~ duncan_(zeromccall) (zeromccall).jpg";"HBIRD";"0,7";"97";"47";"251";"198";"SUPPR";"0";"0";"0";"0";"0";"A:\BC\XXX\e621.net-3528608#.jpg";"H698";"none"
"294";"P:\PA.3x2\3x2-C08\e621.net - 3528608 - duncan_(zeromccall) ~ duncan_(zeromccall) (zeromccall).jpg";"HRABB";"0,93";"509";"0";"423";"513";"SUPPR";"0";"0";"0";"0";"0";"A:\BC\XXX\e621.net-3528608#.jpg";"H576";"none"
"295";"P:\PA.3x2\3x2-C08\e621.net - 3528608 - duncan_(zeromccall) ~ duncan_(zeromccall) (zeromccall).jpg";"hbear";"0,81";"100";"49";"245";"197";"BELLY";"0,82";"49";"296";"346";"283";"A:\BC\XXX\e621.net-3528608#.jpg";"H437";"S796"
"296";"P:\PA.3x2\3x2-C08\e621.net - 3528608 - duncan_(zeromccall) ~ duncan_(zeromccall) (zeromccall).jpg";"hbear";"0,87";"976";"6";"287";"221";"SHLD";"0,7";"1182";"191";"143";"191";"A:\BC\XXX\e621.net-3528608#.jpg";"H410";"B485"
"297";"P:\PA.3x2\3x2-C08\e621.net - 3528608 - duncan_(zeromccall) ~ duncan_(zeromccall) (zeromccall).jpg";"HBEAR";"0,47";"1014";"12";"250";"209";"SUPPR";"0";"0";"0";"0";"0";"A:\BC\XXX\e621.net-3528608#.jpg";"H380";"none"
"298";"P:\PA.3x2\3x2-C08\e621.net - 3528608 - duncan_(zeromccall) ~ duncan_(zeromccall) (zeromccall).jpg";"HBEAR";"0,5";"326";"879";"338";"306";"SUPPR";"0";"0";"0";"0";"0";"A:\BC\XXX\e621.net-3528608#.jpg";"H370";"none"
"299";"P:\PA.3x2\3x2-C08\e621.net - 3528608 - duncan_(zeromccall) ~ duncan_(zeromccall) (zeromccall).jpg";"HBEAR";"0,57";"1811";"361";"446";"361";"boob";"0,68";"1707";"348";"556";"384";"A:\BC\XXX\e621.net-3528608#.jpg";"H337";"B202"
"300";"P:\PA.3x2\3x2-C08\e621.net - 3528608 - duncan_(zeromccall) ~ duncan_(zeromccall) (zeromccall).jpg";"hbear";"0,74";"328";"887";"324";"294";"none";"0";"0";"0";"0";"0";"A:\BC\XXX\e621.net-3528608#.jpg";"H272";"none"
"301";"P:\PA.3x2\3x2-C08\e621.net - 3528608 - duncan_(zeromccall) ~ duncan_(zeromccall) (zeromccall).jpg";"hrabb";"0,95";"509";"0";"419";"511";"BUST";"0,79";"451";"519";"444";"387";"A:\BC\XXX\e621.net-3528608#.jpg";"H256";"B744"
"302";"P:\PA.3x2\3x2-C08\e621.net - 3528608 - duncan_(zeromccall) ~ duncan_(zeromccall) (zeromccall).jpg";"boob";"0,68";"1707";"348";"556";"384";"hip";"0,43";"1038";"431";"576";"300";"A:\BC\XXX\e621.net-3528608#.jpg";"B202";"S832"
"303";"P:\PA.3x2\3x2-C08\e621.net - 3528608 - duncan_(zeromccall) ~ duncan_(zeromccall) (zeromccall).jpg";"shld";"0,61";"1186";"187";"266";"317";"none";"0";"0";"0";"0";"0";"A:\BC\XXX\e621.net-3528608#.jpg";"B734";"none"
"304";"P:\PA.3x2\3x2-C08\e621.net - 3528608 - duncan_(zeromccall) ~ duncan_(zeromccall) (zeromccall).jpg";"SHLD";"0,7";"1182";"191";"143";"191";"BUTT";"0,73";"974";"421";"374";"293";"A:\BC\XXX\e621.net-3528608#.jpg";"B485";"S207"
"305";"P:\PA.3x2\3x2-C08\e621.net - 3528608 - duncan_(zeromccall) ~ duncan_(zeromccall) (zeromccall).jpg";"pzu";"0,92";"1705";"106";"534";"607";"none";"0";"0";"0";"0";"0";"A:\BC\XXX\e621.net-3528608#.jpg";"P457";"none"
"306";"P:\PA.3x2\3x2-C08\e621.net - 3528608 - duncan_(zeromccall) ~ duncan_(zeromccall) (zeromccall).jpg";"ptr";"0,88";"1622";"1389";"454";"438";"none";"0";"0";"0";"0";"0";"A:\BC\XXX\e621.net-3528608#.jpg";"X286";"none"
"307";"P:\PA.3x2\3x2-C08\e621.net - 3528608 - duncan_(zeromccall) ~ duncan_(zeromccall) (zeromccall).jpg";"pzu";"0,88";"214";"1166";"603";"467";"none";"0";"0";"0";"0";"0";"A:\BC\XXX\e621.net-3528608#.jpg";"P871";"none"
"308";"P:\PA.3x2\3x2-C08\e621.net - 3528609 - european_mythology ~ iida_(wonderslug)+duncan_(zeromccall) (zeromccall).jpg";"hcat";"0,72";"1795";"0";"403";"389";"suppr";"0";"0";"0";"0";"0";"A:\BC\XXX\e621.net-3528609#.jpg";"H117";"none"
"309";"P:\PA.3x2\3x2-C08\e621.net - 3528609 - european_mythology ~ iida_(wonderslug)+duncan_(zeromccall) (zeromccall).jpg";"hbear";"0,8";"838";"24";"355";"346";"boob";"0,97";"646";"406";"698";"632";"A:\BC\XXX\e621.net-3528609#.jpg";"H913";"B235"
"310";"P:\PA.3x2\3x2-C08\e621.net - 3528609 - european_mythology ~ iida_(wonderslug)+duncan_(zeromccall) (zeromccall).jpg";"HHORSE";"0,61";"838";"18";"353";"351";"SUPPR";"0";"0";"0";"0";"0";"A:\BC\XXX\e621.net-3528609#.jpg";"H908";"none"
"311";"P:\PA.3x2\3x2-C08\e621.net - 3528609 - european_mythology ~ iida_(wonderslug)+duncan_(zeromccall) (zeromccall).jpg";"HCAT";"0,73";"127";"10";"187";"182";"SUPPR";"0";"0";"0";"0";"0";"A:\BC\XXX\e621.net-3528609#.jpg";"H896";"none"
"312";"P:\PA.3x2\3x2-C08\e621.net - 3528609 - european_mythology ~ iida_(wonderslug)+duncan_(zeromccall) (zeromccall).jpg";"HCAT";"0,78";"1293";"969";"367";"358";"NONE";"0";"0";"0";"0";"0";"A:\BC\XXX\e621.net-3528609#.jpg";"H491";"none"
"313";"P:\PA.3x2\3x2-C08\e621.net - 3528609 - european_mythology ~ iida_(wonderslug)+duncan_(zeromccall) (zeromccall).jpg";"HCAT";"0,8";"1794";"0";"420";"393";"BUST";"0,59";"1927";"366";"331";"296";"A:\BC\XXX\e621.net-3528609#.jpg";"H323";"B753"
"314";"P:\PA.3x2\3x2-C08\e621.net - 3528609 - european_mythology ~ iida_(wonderslug)+duncan_(zeromccall) (zeromccall).jpg";"hbear";"0,77";"131";"8";"184";"182";"SHLD";"0,9";"4";"174";"226";"237";"A:\BC\XXX\e621.net-3528609#.jpg";"H293";"B846"
"315";"P:\PA.3x2\3x2-C08\e621.net - 3528609 - european_mythology ~ iida_(wonderslug)+duncan_(zeromccall) (zeromccall).jpg";"BUST";"0,94";"651";"414";"684";"625";"SUPPR";"0";"0";"0";"0";"0";"A:\BC\XXX\e621.net-3528609#.jpg";"B144";"none"
"316";"P:\PA.3x2\3x2-C08\e621.net - 3528609 - european_mythology ~ iida_(wonderslug)+duncan_(zeromccall) (zeromccall).jpg";"SHLD";"0,9";"4";"174";"226";"237";"BUTT";"0,92";"79";"350";"380";"304";"A:\BC\XXX\e621.net-3528609#.jpg";"B846";"S222"
"317";"P:\PA.3x2\3x2-C08\e621.net - 3528609 - european_mythology ~ iida_(wonderslug)+duncan_(zeromccall) (zeromccall).jpg";"shld";"0,87";"7";"170";"224";"239";"suppr";"0";"0";"0";"0";"0";"A:\BC\XXX\e621.net-3528609#.jpg";"B299";"none"
"318";"P:\PA.3x2\3x2-C08\e621.net - 3528609 - european_mythology ~ iida_(wonderslug)+duncan_(zeromccall) (zeromccall).jpg";"hjb";"0,63";"1970";"122";"352";"734";"none";"0";"0";"0";"0";"0";"A:\BC\XXX\e621.net-3528609#.jpg";"P545";"none"
"319";"P:\PA.3x2\3x2-C08\e621.net - 3528609 - european_mythology ~ iida_(wonderslug)+duncan_(zeromccall) (zeromccall).jpg";"BUTT";"0,91";"77";"350";"384";"319";"SUPPR";"0";"0";"0";"0";"0";"A:\BC\XXX\e621.net-3528609#.jpg";"S316";"none"
"320";"P:\PA.3x2\3x2-C08\e621.net - 3528609 - european_mythology ~ iida_(wonderslug)+duncan_(zeromccall) (zeromccall).jpg";"ora";"0,83";"285";"1097";"298";"548";"none";"0";"0";"0";"0";"0";"A:\BC\XXX\e621.net-3528609#.jpg";"P847";"none"
"321";"P:\PA.3x2\3x2-E11\e621.net - 3528931 - pokemon ~ sunshine_light+lugia (hardyboy).jpg";"hfox";"0,82";"79";"3";"233";"233";"SHLD";"0,78";"105";"187";"220";"246";"A:\BC\XXX\e621.net-3528931#.jpg";"H861";"B816"
"322";"P:\PA.3x2\3x2-E11\e621.net - 3528931 - pokemon ~ sunshine_light+lugia (hardyboy).jpg";"HFOX";"0,69";"76";"3";"236";"233";"SUPPR";"0";"0";"0";"0";"0";"A:\BC\XXX\e621.net-3528931#.jpg";"H877";"none"
"323";"P:\PA.3x2\3x2-E11\e621.net - 3528931 - pokemon ~ sunshine_light+lugia (hardyboy).jpg";"sideb";"0,55";"106";"189";"233";"237";"suppr";"0";"0";"0";"0";"0";"A:\BC\XXX\e621.net-3528931#.jpg";"B923";"none"
"324";"P:\PA.3x2\3x2-E11\e621.net - 3528931 - pokemon ~ sunshine_light+lugia (hardyboy).jpg";"ptr";"0,85";"500";"648";"199";"177";"none";"0";"0";"0";"0";"0";"A:\BC\XXX\e621.net-3528931#.jpg";"X663";"none"
"325";"P:\PA.3x2\3x2-E11\e621.net - 3528934 - pokemon ~ sunshine_light+lugia (hardyboy).jpg";"hfox";"0,82";"79";"3";"233";"233";"SHLD";"0,78";"104";"188";"220";"246";"A:\BC\XXX\e621.net-3528934#.jpg";"H355";"B862"
"326";"P:\PA.3x2\3x2-E11\e621.net - 3528934 - pokemon ~ sunshine_light+lugia (hardyboy).jpg";"HFOX";"0,69";"76";"3";"236";"233";"SUPPR";"0";"0";"0";"0";"0";"A:\BC\XXX\e621.net-3528934#.jpg";"H794";"none"
"327";"P:\PA.3x2\3x2-E11\e621.net - 3528934 - pokemon ~ sunshine_light+lugia (hardyboy).jpg";"sideb";"0,54";"106";"189";"233";"238";"suppr";"0";"0";"0";"0";"0";"A:\BC\XXX\e621.net-3528934#.jpg";"B147";"none"
"328";"P:\PA.3x2\3x2-E11\e621.net - 3528934 - pokemon ~ sunshine_light+lugia (hardyboy).jpg";"ptr";"0,87";"501";"646";"172";"178";"none";"0";"0";"0";"0";"0";"A:\BC\XXX\e621.net-3528934#.jpg";"X719";"none"
"329";"P:\PA.3x2\3x2-E17\danbooru.donmai.us - 3528717 - idolmaster ~ kurosaki_chitose (sunaba_suzume).jpg";"head";"0,96";"519";"3";"351";"335";"shld";"0,82";"749";"138";"240";"282";"A:\BC\XXX\danbooru.donmai.us-3528717#.jpg";"H333";"B232"
"330";"P:\PA.3x2\3x2-E17\danbooru.donmai.us - 3528717 - idolmaster ~ kurosaki_chitose (sunaba_suzume).jpg";"HEAD";"0,95";"518";"3";"351";"335";"SUPPR";"0";"0";"0";"0";"0";"A:\BC\XXX\danbooru.donmai.us-3528717#.jpg";"H388";"none"
"331";"P:\PA.3x2\3x2-E17\danbooru.donmai.us - 3528717 - idolmaster ~ kurosaki_chitose (sunaba_suzume).jpg";"shld";"0,82";"749";"138";"240";"282";"butt";"0,87";"657";"404";"509";"562";"A:\BC\XXX\danbooru.donmai.us-3528717#.jpg";"B232";"S441"
"332";"P:\PA.3x2\3x2-E17\danbooru.donmai.us - 3528717 - idolmaster ~ kurosaki_chitose (sunaba_suzume).jpg";"SHLD";"0,78";"761";"141";"243";"272";"SUPPR";"0";"0";"0";"0";"0";"A:\BC\XXX\danbooru.donmai.us-3528717#.jpg";"B449";"none"
"333";"P:\PA.3x2\3x2-E17\danbooru.donmai.us - 3528717 - idolmaster ~ kurosaki_chitose (sunaba_suzume).jpg";"butt";"0,79";"663";"375";"520";"586";"suppr";"0";"0";"0";"0";"0";"A:\BC\XXX\danbooru.donmai.us-3528717#.jpg";"S397";"none"
"334";"P:\PA.3x2\3x2-E17\danbooru.donmai.us - 3528717 - idolmaster ~ kurosaki_chitose (sunaba_suzume).jpg";"spr";"0,76";"806";"664";"224";"175";"none";"0";"0";"0";"0";"0";"A:\BC\XXX\danbooru.donmai.us-3528717#.jpg";"V731";"none"
"335";"P:\PA.3x2\3x2-E24\e621.net - 3528939 - pokemon ~ sunshine_light+lugia (hardyboy).jpg";"hrabb";"0,72";"39";"26";"219";"321";"SHLD";"0,79";"173";"177";"198";"327";"A:\BC\XXX\e621.net-3528939#.jpg";"H762";"B622"
"336";"P:\PA.3x2\3x2-E24\e621.net - 3528939 - pokemon ~ sunshine_light+lugia (hardyboy).jpg";"shld";"0,75";"182";"179";"202";"319";"suppr";"0";"0";"0";"0";"0";"A:\BC\XXX\e621.net-3528939#.jpg";"B613";"none"
"337";"P:\PA.3x2\3x2-E24\e621.net - 3528939 - pokemon ~ sunshine_light+lugia (hardyboy).jpg";"SHLD";"0,79";"173";"177";"198";"327";"BUTT";"0,91";"388";"126";"549";"470";"A:\BC\XXX\e621.net-3528939#.jpg";"B622";"S127"
"338";"P:\PA.3x2\3x2-E24\e621.net - 3528939 - pokemon ~ sunshine_light+lugia (hardyboy).jpg";"ora";"0,85";"62";"215";"153";"346";"none";"0";"0";"0";"0";"0";"A:\BC\XXX\e621.net-3528939#.jpg";"P545";"none"
"339";"P:\PA.3x2\3x2-E24\e621.net - 3528939 - pokemon ~ sunshine_light+lugia (hardyboy).jpg";"fng";"0,71";"584";"78";"239";"253";"none";"0";"0";"0";"0";"0";"A:\BC\XXX\e621.net-3528939#.jpg";"V856";"none"
"340";"P:\PA.3x2\3x2-E24\e621.net - 3528939 - pokemon ~ sunshine_light+lugia (hardyboy).jpg";"butt";"0,87";"391";"125";"549";"472";"suppr";"0";"0";"0";"0";"0";"A:\BC\XXX\e621.net-3528939#.jpg";"S198";"none"
"341";"P:\PA.3x2\3x2-E29\e621.net - 3528958 - pokemon ~ sunshine_light+lugia (hardyboy).jpg";"HDRAGO";"0,93";"454";"2";"215";"270";"SUPPR";"0";"0";"0";"0";"0";"A:\BC\XXX\e621.net-3528958#.jpg";"H517";"none"
"342";"P:\PA.3x2\3x2-E29\e621.net - 3528958 - pokemon ~ sunshine_light+lugia (hardyboy).jpg";"hdrago";"0,94";"456";"2";"214";"271";"BUST";"0,89";"423";"264";"296";"191";"A:\BC\XXX\e621.net-3528958#.jpg";"H656";"B469"
"343";"P:\PA.3x2\3x2-E29\e621.net - 3528958 - pokemon ~ sunshine_light+lugia (hardyboy).jpg";"boob";"0,85";"421";"269";"296";"190";"suppr";"0";"0";"0";"0";"0";"A:\BC\XXX\e621.net-3528958#.jpg";"B227";"none"
"344";"P:\PA.3x2\3x2-E29\e621.net - 3528958 - pokemon ~ sunshine_light+lugia (hardyboy).jpg";"BUST";"0,89";"423";"264";"296";"191";"SPRD";"0,91";"281";"457";"564";"383";"A:\BC\XXX\e621.net-3528958#.jpg";"B469";"S870"
"345";"P:\PA.3x2\3x2-E29\e621.net - 3528958 - pokemon ~ sunshine_light+lugia (hardyboy).jpg";"pns";"0,92";"517";"499";"134";"260";"none";"0";"0";"0";"0";"0";"A:\BC\XXX\e621.net-3528958#.jpg";"P256";"none"
"346";"P:\PA.3x2\3x2-E29\e621.net - 3528958 - pokemon ~ sunshine_light+lugia (hardyboy).jpg";"ptr";"0,91";"481";"738";"141";"176";"none";"0";"0";"0";"0";"0";"A:\BC\XXX\e621.net-3528958#.jpg";"X102";"none"
"347";"P:\PA.3x2\3x2-E29\e621.net - 3528958 - pokemon ~ sunshine_light+lugia (hardyboy).jpg";"SPLIT";"0,9";"256";"448";"603";"391";"SUPPR";"0";"0";"0";"0";"0";"A:\BC\XXX\e621.net-3528958#.jpg";"S346";"none"
"348";"P:\PA.3x2\3x2-E30\e621.net - 3528947 - pokemon ~ sunshine_light+lugia (hardyboy).jpg";"head";"0,83";"860";"196";"251";"240";"jackx";"0,78";"31";"21";"848";"680";"A:\BC\XXX\e621.net-3528947#.jpg";"H324";"S456"
"349";"P:\PA.3x2\3x2-E30\e621.net - 3528947 - pokemon ~ sunshine_light+lugia (hardyboy).jpg";"pns";"0,93";"394";"383";"309";"239";"none";"0";"0";"0";"0";"0";"A:\BC\XXX\e621.net-3528947#.jpg";"P560";"none"
"350";"P:\PA.3x2\3x2-E30\e621.net - 3528947 - pokemon ~ sunshine_light+lugia (hardyboy).jpg";"ptr";"0,9";"196";"118";"285";"287";"none";"0";"0";"0";"0";"0";"A:\BC\XXX\e621.net-3528947#.jpg";"X510";"none"
"351";"P:\PA.3x2\3x2-E30\e621.net - 3528950 - pokemon ~ sunshine_light+lugia (hardyboy).jpg";"head";"0,84";"861";"196";"251";"239";"jackx";"0,72";"20";"34";"860";"671";"A:\BC\XXX\e621.net-3528950#.jpg";"H256";"S226"
"352";"P:\PA.3x2\3x2-E30\e621.net - 3528950 - pokemon ~ sunshine_light+lugia (hardyboy).jpg";"pns";"0,9";"391";"376";"313";"245";"none";"0";"0";"0";"0";"0";"A:\BC\XXX\e621.net-3528950#.jpg";"P234";"none"
"353";"P:\PA.3x2\3x2-E30\e621.net - 3528950 - pokemon ~ sunshine_light+lugia (hardyboy).jpg";"ptr";"0,9";"196";"118";"285";"290";"none";"0";"0";"0";"0";"0";"A:\BC\XXX\e621.net-3528950#.jpg";"X424";"none"
"354";"P:\PA.3x2\3x2-E31\e621.net - 3528927 - pokemon ~ sunshine_light+lugia (hardyboy).jpg";"HFOX";"0,9";"528";"91";"190";"201";"SUPPR";"0";"0";"0";"0";"0";"A:\BC\XXX\e621.net-3528927#.jpg";"H303";"none"
"355";"P:\PA.3x2\3x2-E31\e621.net - 3528927 - pokemon ~ sunshine_light+lugia (hardyboy).jpg";"hrabb";"0,48";"738";"60";"183";"221";"BUST";"0,83";"834";"263";"168";"155";"A:\BC\XXX\e621.net-3528927#.jpg";"H849";"B575"
"356";"P:\PA.3x2\3x2-E31\e621.net - 3528927 - pokemon ~ sunshine_light+lugia (hardyboy).jpg";"hfox";"0,95";"523";"91";"195";"201";"none";"0";"0";"0";"0";"0";"A:\BC\XXX\e621.net-3528927#.jpg";"H660";"none"
"357";"P:\PA.3x2\3x2-E31\e621.net - 3528927 - pokemon ~ sunshine_light+lugia (hardyboy).jpg";"sideb";"0,58";"849";"213";"152";"206";"suppr";"0";"0";"0";"0";"0";"A:\BC\XXX\e621.net-3528927#.jpg";"B209";"none"
"358";"P:\PA.3x2\3x2-E31\e621.net - 3528927 - pokemon ~ sunshine_light+lugia (hardyboy).jpg";"BUST";"0,83";"834";"263";"168";"155";"SPLIT";"0,54";"524";"550";"487";"242";"A:\BC\XXX\e621.net-3528927#.jpg";"B575";"S514"
"359";"P:\PA.3x2\3x2-E31\e621.net - 3528927 - pokemon ~ sunshine_light+lugia (hardyboy).jpg";"sprd";"0,4";"506";"481";"497";"312";"suppr";"0";"0";"0";"0";"0";"A:\BC\XXX\e621.net-3528927#.jpg";"S760";"none"
"360";"P:\PA.3x2\3x2-E31\e621.net - 3528927 - pokemon ~ sunshine_light+lugia (hardyboy).jpg";"ptr";"0,9";"693";"473";"131";"233";"none";"0";"0";"0";"0";"0";"A:\BC\XXX\e621.net-3528927#.jpg";"X757";"none"
"361";"P:\PA.3x4\3x4-A02\e621.net - 3528730 - undertale ~ ralsei (nurinaki).jpg";"pns";"0,86";"1";"263";"165";"182";"none";"0";"0";"0";"0";"0";"A:\BC\XXX\e621.net-3528730#.jpg";"P442";"none"
"362";"P:\PA.3x4\3x4-A02\e621.net - 3528730 - undertale ~ ralsei (nurinaki).jpg";"split";"0,83";"154";"614";"650";"415";"none";"0";"0";"0";"0";"0";"A:\BC\XXX\e621.net-3528730#.jpg";"S583";"none"
"363";"P:\PA.3x4\3x4-A02\e621.net - 3528730 - undertale ~ ralsei (nurinaki).jpg";"SPLIT";"0,82";"152";"609";"638";"419";"SUPPR";"0";"0";"0";"0";"0";"A:\BC\XXX\e621.net-3528730#.jpg";"S497";"none"
"364";"P:\PA.3x4\3x4-A02\e621.net - 3528730 - undertale ~ ralsei (nurinaki).jpg";"pns";"0,93";"363";"457";"334";"445";"none";"0";"0";"0";"0";"0";"A:\BC\XXX\e621.net-3528730#.jpg";"P638";"none"
"365";"P:\PA.3x4\3x4-E04\danbooru.donmai.us - 3528865 - fate_(series) ~ okita_souji_(fate)+artoria_pendragon_(all)+artoria_pendragon_(fate) (mia_(gute-nacht-07)).jpg";"head";"0,95";"538";"0";"449";"431";"sideb";"0,9";"260";"389";"440";"419";"A:\BC\XXX\danbooru.donmai.us-3528865#.jpg";"H157";"B332"
"366";"P:\PA.3x4\3x4-E04\danbooru.donmai.us - 3528865 - fate_(series) ~ okita_souji_(fate)+artoria_pendragon_(all)+artoria_pendragon_(fate) (mia_(gute-nacht-07)).jpg";"HEAD";"0,93";"538";"1";"454";"431";"SUPPR";"0";"0";"0";"0";"0";"A:\BC\XXX\danbooru.donmai.us-3528865#.jpg";"H783";"none"
"367";"P:\PA.3x4\3x4-E04\danbooru.donmai.us - 3528865 - fate_(series) ~ okita_souji_(fate)+artoria_pendragon_(all)+artoria_pendragon_(fate) (mia_(gute-nacht-07)).jpg";"sideb";"0,9";"260";"389";"440";"419";"butt";"0,88";"218";"1010";"786";"551";"A:\BC\XXX\danbooru.donmai.us-3528865#.jpg";"B332";"S813"
"368";"P:\PA.3x4\3x4-E04\danbooru.donmai.us - 3528865 - fate_(series) ~ okita_souji_(fate)+artoria_pendragon_(all)+artoria_pendragon_(fate) (mia_(gute-nacht-07)).jpg";"SHLD";"0,9";"258";"389";"446";"419";"SUPPR";"0";"0";"0";"0";"0";"A:\BC\XXX\danbooru.donmai.us-3528865#.jpg";"B808";"none"
"369";"P:\PA.3x4\3x4-E04\danbooru.donmai.us - 3528865 - fate_(series) ~ okita_souji_(fate)+artoria_pendragon_(all)+artoria_pendragon_(fate) (mia_(gute-nacht-07)).jpg";"butt";"0,83";"218";"1016";"789";"545";"suppr";"0";"0";"0";"0";"0";"A:\BC\XXX\danbooru.donmai.us-3528865#.jpg";"S748";"none"
"370";"P:\PA.3x4\3x4-E06\danbooru.donmai.us - 3528783 - pokemon ~ sonia_(pokemon) (lainart).jpg";"HEAD";"0,94";"323";"36";"456";"443";"SUPPR";"0";"0";"0";"0";"0";"A:\BC\XXX\danbooru.donmai.us-3528783#.jpg";"H396";"none"
"371";"P:\PA.3x4\3x4-E06\danbooru.donmai.us - 3528783 - pokemon ~ sonia_(pokemon) (lainart).jpg";"head";"0,95";"323";"33";"469";"448";"sideb";"0,91";"490";"450";"264";"314";"A:\BC\XXX\danbooru.donmai.us-3528783#.jpg";"H909";"B459"
"372";"P:\PA.3x4\3x4-E06\danbooru.donmai.us - 3528783 - pokemon ~ sonia_(pokemon) (lainart).jpg";"sideb";"0,91";"490";"450";"264";"314";"butt";"0,92";"165";"874";"626";"463";"A:\BC\XXX\danbooru.donmai.us-3528783#.jpg";"B459";"S550"
"373";"P:\PA.3x4\3x4-E06\danbooru.donmai.us - 3528783 - pokemon ~ sonia_(pokemon) (lainart).jpg";"SHLD";"0,91";"483";"448";"268";"315";"SUPPR";"0";"0";"0";"0";"0";"A:\BC\XXX\danbooru.donmai.us-3528783#.jpg";"B613";"none"
"374";"P:\PA.3x4\3x4-E06\danbooru.donmai.us - 3528783 - pokemon ~ sonia_(pokemon) (lainart).jpg";"pns";"0,93";"3";"1105";"350";"282";"none";"0";"0";"0";"0";"0";"A:\BC\XXX\danbooru.donmai.us-3528783#.jpg";"P398";"none"
"375";"P:\PA.3x4\3x4-E06\danbooru.donmai.us - 3528783 - pokemon ~ sonia_(pokemon) (lainart).jpg";"butt";"0,67";"171";"879";"617";"465";"suppr";"0";"0";"0";"0";"0";"A:\BC\XXX\danbooru.donmai.us-3528783#.jpg";"S223";"none"
"376";"P:\PA.3x4\3x4-E06\danbooru.donmai.us - 3528783 - pokemon ~ sonia_(pokemon) (lainart).jpg";"spr";"0,86";"373";"1034";"157";"184";"none";"0";"0";"0";"0";"0";"A:\BC\XXX\danbooru.donmai.us-3528783#.jpg";"V229";"none"
"377";"P:\PA.3x4\3x4-E13\e621.net - 3528706 - pokemon ~ vaporeon+sylveon+eeveelution (maid_marian).jpg";"hfox";"0,95";"409";"123";"303";"375";"boob";"0,96";"333";"511";"477";"328";"A:\BC\XXX\e621.net-3528706#.jpg";"H316";"B118"
"378";"P:\PA.3x4\3x4-E13\e621.net - 3528706 - pokemon ~ vaporeon+sylveon+eeveelution (maid_marian).jpg";"HFOX";"0,93";"406";"126";"306";"374";"SUPPR";"0";"0";"0";"0";"0";"A:\BC\XXX\e621.net-3528706#.jpg";"H472";"none"
"379";"P:\PA.3x4\3x4-E13\e621.net - 3528706 - pokemon ~ vaporeon+sylveon+eeveelution (maid_marian).jpg";"boob";"0,96";"333";"511";"477";"328";"sprd";"0,92";"294";"885";"535";"399";"A:\BC\XXX\e621.net-3528706#.jpg";"B118";"S812"
"380";"P:\PA.3x4\3x4-E13\e621.net - 3528706 - pokemon ~ vaporeon+sylveon+eeveelution (maid_marian).jpg";"BUST";"0,94";"332";"514";"477";"328";"SUPPR";"0";"0";"0";"0";"0";"A:\BC\XXX\e621.net-3528706#.jpg";"B142";"none"
"381";"P:\PA.3x4\3x4-E13\e621.net - 3528706 - pokemon ~ vaporeon+sylveon+eeveelution (maid_marian).jpg";"SPLIT";"0,88";"292";"878";"549";"410";"SUPPR";"0";"0";"0";"0";"0";"A:\BC\XXX\e621.net-3528706#.jpg";"S927";"none"
"382";"P:\PA.3x4\3x4-E13\e621.net - 3528706 - pokemon ~ vaporeon+sylveon+eeveelution (maid_marian).jpg";"spr";"0,89";"477";"983";"188";"207";"none";"0";"0";"0";"0";"0";"A:\BC\XXX\e621.net-3528706#.jpg";"V626";"none"
"383";"P:\PA.7x10\7x10-E01\e621.net - 3528759 - paw_patrol ~ everest_(paw_patrol) (siberian_husky).jpg";"HFOX";"0,94";"270";"150";"343";"349";"boob";"0,95";"257";"491";"450";"232";"A:\BC\XXX\e621.net-3528759#.jpg";"H884";"B934"
"384";"P:\PA.7x10\7x10-E01\e621.net - 3528759 - paw_patrol ~ everest_(paw_patrol) (siberian_husky).jpg";"hfox";"0,94";"269";"151";"340";"347";"suppr";"0";"0";"0";"0";"0";"A:\BC\XXX\e621.net-3528759#.jpg";"H911";"none"
"385";"P:\PA.7x10\7x10-E01\e621.net - 3528759 - paw_patrol ~ everest_(paw_patrol) (siberian_husky).jpg";"BUST";"0,94";"254";"491";"457";"237";"SUPPR";"0";"0";"0";"0";"0";"A:\BC\XXX\e621.net-3528759#.jpg";"B576";"none"
"386";"P:\PA.7x10\7x10-E01\e621.net - 3528759 - paw_patrol ~ everest_(paw_patrol) (siberian_husky).jpg";"boob";"0,95";"257";"491";"450";"232";"nopan";"0,73";"255";"693";"613";"441";"A:\BC\XXX\e621.net-3528759#.jpg";"B934";"S514"
"387";"P:\PA.7x10\7x10-E01\e621.net - 3528759 - paw_patrol ~ everest_(paw_patrol) (siberian_husky).jpg";"BELLY";"0,67";"242";"692";"628";"455";"SUPPR";"0";"0";"0";"0";"0";"A:\BC\XXX\e621.net-3528759#.jpg";"S722";"none"
"388";"P:\PA.7x10\7x10-E01\e621.net - 3528759 - paw_patrol ~ everest_(paw_patrol) (siberian_husky).jpg";"spr";"0,61";"478";"777";"200";"197";"none";"0";"0";"0";"0";"0";"A:\BC\XXX\e621.net-3528759#.jpg";"V899";"none"
"389";"P:\PA.7x10\7x10-E03\danbooru.donmai.us - 3528923 - misc ~ unknown (wacchi).jpg";"HEAD";"0,9";"259";"0";"533";"466";"SUPPR";"0";"0";"0";"0";"0";"A:\BC\XXX\danbooru.donmai.us-3528923#.jpg";"H127";"none"
"390";"P:\PA.7x10\7x10-E03\danbooru.donmai.us - 3528923 - misc ~ unknown (wacchi).jpg";"head";"0,92";"260";"0";"540";"466";"boob";"0,94";"261";"498";"601";"403";"A:\BC\XXX\danbooru.donmai.us-3528923#.jpg";"H694";"B695"
"391";"P:\PA.7x10\7x10-E03\danbooru.donmai.us - 3528923 - misc ~ unknown (wacchi).jpg";"boob";"0,94";"261";"498";"601";"403";"split";"0,89";"168";"940";"810";"505";"A:\BC\XXX\danbooru.donmai.us-3528923#.jpg";"B695";"S663"
"392";"P:\PA.7x10\7x10-E03\danbooru.donmai.us - 3528923 - misc ~ unknown (wacchi).jpg";"BUST";"0,94";"268";"504";"593";"396";"SUPPR";"0";"0";"0";"0";"0";"A:\BC\XXX\danbooru.donmai.us-3528923#.jpg";"B803";"none"
"393";"P:\PA.7x10\7x10-E03\danbooru.donmai.us - 3528923 - misc ~ unknown (wacchi).jpg";"sprd";"0,89";"202";"924";"737";"530";"suppr";"0";"0";"0";"0";"0";"A:\BC\XXX\danbooru.donmai.us-3528923#.jpg";"S204";"none"
"394";"P:\PA.7x10\7x10-E03\danbooru.donmai.us - 3528923 - misc ~ unknown (wacchi).jpg";"spr";"0,82";"473";"1333";"187";"126";"none";"0";"0";"0";"0";"0";"A:\BC\XXX\danbooru.donmai.us-3528923#.jpg";"V614";"none"
"395";"P:\PA.7x10\7x10-E03\danbooru.donmai.us - 3528923 - misc ~ unknown (wacchi).jpg";"spr";"0,86";"434";"1098";"267";"255";"none";"0";"0";"0";"0";"0";"A:\BC\XXX\danbooru.donmai.us-3528923#.jpg";"V935";"none"
"396";"P:\PA.7x10\7x10-E03\danbooru.donmai.us - 3528925 - misc ~ unknown (wacchi).jpg";"head";"0,93";"259";"0";"539";"465";"boob";"0,95";"260";"487";"613";"418";"A:\BC\XXX\danbooru.donmai.us-3528925#.jpg";"H120";"B203"
"397";"P:\PA.7x10\7x10-E03\danbooru.donmai.us - 3528925 - misc ~ unknown (wacchi).jpg";"HEAD";"0,88";"260";"0";"531";"465";"SUPPR";"0";"0";"0";"0";"0";"A:\BC\XXX\danbooru.donmai.us-3528925#.jpg";"H604";"none"
"398";"P:\PA.7x10\7x10-E03\danbooru.donmai.us - 3528925 - misc ~ unknown (wacchi).jpg";"BUST";"0,94";"266";"498";"606";"406";"SUPPR";"0";"0";"0";"0";"0";"A:\BC\XXX\danbooru.donmai.us-3528925#.jpg";"B100";"none"
"399";"P:\PA.7x10\7x10-E03\danbooru.donmai.us - 3528925 - misc ~ unknown (wacchi).jpg";"boob";"0,95";"260";"487";"613";"418";"split";"0,89";"167";"934";"816";"511";"A:\BC\XXX\danbooru.donmai.us-3528925#.jpg";"B203";"S515"
"400";"P:\PA.7x10\7x10-E03\danbooru.donmai.us - 3528925 - misc ~ unknown (wacchi).jpg";"sprd";"0,89";"201";"921";"740";"534";"suppr";"0";"0";"0";"0";"0";"A:\BC\XXX\danbooru.donmai.us-3528925#.jpg";"S238";"none"
"401";"P:\PA.7x10\7x10-E03\danbooru.donmai.us - 3528925 - misc ~ unknown (wacchi).jpg";"spr";"0,82";"473";"1333";"186";"126";"none";"0";"0";"0";"0";"0";"A:\BC\XXX\danbooru.donmai.us-3528925#.jpg";"V411";"none"
"402";"P:\PA.7x10\7x10-E03\danbooru.donmai.us - 3528925 - misc ~ unknown (wacchi).jpg";"spr";"0,86";"434";"1098";"268";"255";"none";"0";"0";"0";"0";"0";"A:\BC\XXX\danbooru.donmai.us-3528925#.jpg";"V451";"none"
